ID,GROUP NO,DESCRIPTION,FUNC,UNIT,TYPE,SENSOR TYPE,ALARM GROUP,INPUT CH,INHIBIT ID,OUT CH,EAU GROUP,RANGE MIN,RANGE MAX,LOW ALARM,HIGH ALARM,OFFSET,SPAN,ON DELAY,OFFDELAY,CONTROL,ENABLE,ALARM LEVEL,VDR,LOLO (INDICATOR),LOW ,HIGH,HIHI,ALARM PRINTER,LOLO ALARM,HIHI ALARM,ONDELAY2,OFFDELAY2,MEAN ID,INPUT ID
1,ME23,NO.1 M/E E.G.T. CYLINDER MEAN,MEAN,━C,6,0,4,0,175,0,2,0,690,0,0,0,0,0,0,259,1,1,0,0,0,0,0,1,0,0,0,0,0,0
2,ME24,NO.2 M/E E.G.T. CYLINDER MEAN,MEAN,━C,6,0,4,0,205,0,2,0,690,0,0,0,0,0,0,259,1,1,0,0,0,0,0,1,0,0,0,0,0,0
3,ME01A,NO.1 M/E E.G.T. CYLINDER A1 DEVI. HIGH/LOW,TDAHL,━C,5,0,4,0,175,0,2,0,690,0,0,0,0,0,0,257,1,0,0,0,0,0,0,1,0,0,0,0,1,84
4,ME02A,NO.1 M/E E.G.T. CYLINDER A2 DEVI. HIGH/LOW,TDAHL,━C,5,0,4,0,175,0,2,0,690,0,0,0,0,0,0,257,1,0,0,0,0,0,0,1,0,0,0,0,1,85
5,ME03A,NO.1 M/E E.G.T. CYLINDER A3 DEVI. HIGH/LOW,TDAHL,━C,5,0,4,0,175,0,2,0,690,0,0,0,0,0,0,257,1,0,0,0,0,0,0,1,0,0,0,0,1,86
6,ME04A,NO.1 M/E E.G.T. CYLINDER A4 DEVI. HIGH/LOW,TDAHL,━C,5,0,4,0,175,0,2,0,690,0,0,0,0,0,0,257,1,0,0,0,0,0,0,1,0,0,0,0,1,87
7,ME05A,NO.1 M/E E.G.T. CYLINDER A5 DEVI. HIGH/LOW,TDAHL,━C,5,0,4,0,175,0,2,0,690,0,0,0,0,0,0,257,1,0,0,0,0,0,0,1,0,0,0,0,1,88
8,ME06A,NO.1 M/E E.G.T. CYLINDER A6 DEVI. HIGH/LOW,TDAHL,━C,5,0,4,0,175,0,2,0,690,0,0,0,0,0,0,257,1,0,0,0,0,0,0,1,0,0,0,0,1,89
9,ME12A,NO.2 M/E E.G.T. CYLINDER A1 DEVI. HIGH/LOW,TDAHL,━C,5,0,4,0,205,0,2,0,690,0,0,0,0,0,0,257,1,0,0,0,0,0,0,1,0,0,0,0,2,95
10,ME13A,NO.2 M/E E.G.T. CYLINDER A2 DEVI. HIGH/LOW,TDAHL,━C,5,0,4,0,205,0,2,0,690,0,0,0,0,0,0,257,1,0,0,0,0,0,0,1,0,0,0,0,2,96
11,ME14A,NO.2 M/E E.G.T. CYLINDER A3 DEVI. HIGH/LOW,TDAHL,━C,5,0,4,0,205,0,2,0,690,0,0,0,0,0,0,257,1,0,0,0,0,0,0,1,0,0,0,0,2,97
12,ME15A,NO.2 M/E E.G.T. CYLINDER A4 DEVI. HIGH/LOW,TDAHL,━C,5,0,4,0,205,0,2,0,690,0,0,0,0,0,0,257,1,0,0,0,0,0,0,1,0,0,0,0,2,98
13,ME16A,NO.2 M/E E.G.T. CYLINDER A5 DEVI. HIGH/LOW,TDAHL,━C,5,0,4,0,205,0,2,0,690,0,0,0,0,0,0,257,1,0,0,0,0,0,0,1,0,0,0,0,2,99
14,ME17A,NO.2 M/E E.G.T. CYLINDER A6 DEVI. HIGH/LOW,TDAHL,━C,5,0,4,0,205,0,2,0,690,0,0,0,0,0,0,257,1,0,0,0,0,0,0,1,0,0,0,0,2,100
15,ML01,NO.1 M/E L.O. PRESS. FILTER INLET,PI,BAR,4,0,1,1146,175,0,3,0,10,0,0,0,0,0,0,257,1,0,0,0,0,0,0,1,0,0,0,0,0,0
16,ML02A,NO.1 M/E L.O. PRESS. ENGINE INLET,PI,BAR,4,0,1,1147,175,0,3,0,10,2.8,0,0,0,0,0,257,1,0,0,0,0,0,0,1,0,0,0,0,0,0
17,ML03,NO.1 M/E L.O. PRESS. T/C INLET,PI,BAR,4,0,1,1148,175,0,3,0,10,2.3,0,0,0,7,0,257,1,0,0,0,0,0,0,1,0,0,0,0,0,0
18,ML04A,NO.1 G/B CLUTCH OIL PRESSURE,PI,BAR,4,0,1,1156,175,0,3,0,40,17,0,0,0,10,0,257,1,0,0,0,0,0,0,1,0,0,0,0,0,0
19,ML05,NO.1 M/E L.O. TEMP. COOLER INLET,TI,━C,4,0,1,1168,175,0,3,0,120,0,18,0,0,0,0,257,1,0,0,0,0,0,0,1,0,0,0,0,0,0
20,ML06,NO.1 M/E L.O. TEMP. ENGINE INLET,TI,━C,4,0,1,1169,175,0,3,0,120,0,80,0,0,0,0,257,1,0,0,0,0,0,0,1,0,0,0,0,0,0
21,ML07,NO.1 M/E L.O. PRESS. ENGINE INLET LOW,PAL,,2,0,1,1207,175,0,3,0,0,0,0,0,0,0,0,259,1,1,0,0,0,0,0,1,0,0,0,0,0,0
22,ML08,NO.1 M/E L.O. IN SUMP TANK LV LOW,LAL,,2,0,1,1208,175,0,3,0,0,0,0,0,0,5,0,259,1,1,0,0,0,0,0,1,0,0,0,0,0,0
23,ML09,NO.1 M/E L.O. PRESS. T/C INLET LOW,PAL,,2,0,1,1209,175,0,3,0,0,0,0,0,0,0,0,259,1,1,0,0,0,0,0,1,0,0,0,0,0,0
24,ML10,NO.1 M/E L.O. TEMP. ENGINE INLET HIGH,TAH,,2,0,1,1215,175,0,3,0,0,0,0,0,0,0,0,259,1,1,0,0,0,0,0,1,0,0,0,0,0,0
25,ML11,NO.1 M/E O.M.C. IN CRANKCASE HIGH,OAH,,2,0,1,1223,175,0,3,0,0,0,0,0,0,0,0,259,1,1,0,0,0,0,0,1,0,0,0,0,0,0
26,ML12,NO.1 M/E L.O. FILTER DIFF. PRESS. HIGH,OAH,,2,0,1,1225,175,0,3,0,0,0,0,0,0,7,0,259,1,1,0,0,0,0,0,1,0,0,0,0,0,0
27,ML13,NO.1 M/E DEVI. B.S. OF L.O. PRESS. ENGINE INLET,PI,,2,0,1,1235,175,0,3,0,0,0,0,0,0,0,0,259,1,1,0,0,0,0,0,1,0,0,0,0,0,0
28,ML14,NO.1 M/E L.O. FILTER BY-PASS VALVE OPEN FAIL.,XA,,2,0,1,1239,175,0,3,0,0,0,0,0,0,0,0,259,1,1,0,0,0,0,0,1,0,0,0,0,0,0
29,ML15,NO.2 M/E L.O. PRESS. FILTER INLET,PI,BAR,4,0,1,2346,205,0,3,0,10,2.8,0,0,0,7,0,257,1,0,0,0,0,0,0,1,0,0,0,0,0,0
30,ML16A,NO.2 M/E L.O. PRESS. ENGINE INLET,PI,BAR,4,0,1,2347,205,0,3,0,10,2.8,0,0,0,10,0,257,1,0,0,0,0,0,0,1,0,0,0,0,0,0
31,ML17,NO.2 M/E L.O. PRESS. T/C INLET,PI,BAR,4,0,1,2348,205,0,3,0,10,1.3,0,0,0,0,0,257,1,0,0,0,0,0,0,1,0,0,0,0,0,0
32,ML18A,NO.2 G/B CLUTCH OIL PRESSURE,PI,BAR,4,0,1,2356,205,0,3,0,40,17,0,0,0,10,0,257,1,0,0,0,0,0,0,1,0,0,0,0,0,0
33,ML19,NO.2 M/E L.O. TEMP. COOLER INLET,TI,━C,4,0,1,2368,205,0,3,0,120,0,80,0,0,0,0,257,1,0,0,0,0,0,0,1,0,0,0,0,0,0
34,ML20,NO.2 M/E L.O. TEMP. ENGINE INLET,TI,━C,4,0,1,2369,205,0,3,0,120,0,80,0,0,0,0,257,1,0,0,0,0,0,0,1,0,0,0,0,0,0
35,ML21,NO.2 M/E L.O. PRESS. ENGINE INLET LOW,PAL,,2,0,1,2407,205,0,3,0,0,0,0,0,0,5,0,259,1,1,0,0,0,0,0,1,0,0,0,0,0,0
36,ML22,NO.2 M/E L.O. IN SUMP TANK LV LOW,LAL,,2,0,1,2408,205,0,3,0,0,0,0,0,0,0,0,259,1,1,0,0,0,0,0,1,0,0,0,0,0,0
37,ML23,NO.2 M/E L.O. PRESS. T/C INLET LOW,PAL,,2,0,1,2409,205,0,3,0,0,0,0,0,0,0,0,259,1,1,0,0,0,0,0,1,0,0,0,0,0,0
38,ML24,NO.2 M/E L.O. TEMP. ENGINE INLET HIGH,TAH,,2,0,1,2415,205,0,3,0,0,0,0,0,0,0,0,259,1,1,0,0,0,0,0,1,0,0,0,0,0,0
39,ML25,NO.2 M/E L.O. FILTER DIFF. PRESS. HIGH,OAH,,2,0,1,2425,205,0,3,0,0,0,0,0,0,0,0,259,1,1,0,0,0,0,0,1,0,0,0,0,0,0
40,ML26,NO.2 M/E DEVI. B.S. OF L.O. PRESS. ENGINE INLET,PI,,2,0,1,2435,205,0,3,0,0,0,0,0,0,0,0,259,1,1,0,0,0,0,0,1,0,0,0,0,0,0
41,ML27,NO.2 M/E L.O. FILTER BY-PASS VALVE OPEN FAIL.,XA,,2,0,1,2439,205,0,3,0,0,0,0,0,0,7,0,259,1,1,0,0,0,0,0,1,0,0,0,0,0,0
42,MF01,NO.1 M/E F.O. PRESS. FILTER INLET,PI,BAR,4,0,2,1151,175,0,3,0,16,0,0,0,0,0,0,257,1,0,0,0,0,0,0,1,0,0,0,0,0,0
43,MF02,NO.1 M/E F.O. PRESS. ENGINE INLET,PI,BAR,4,0,2,1152,175,0,3,0,16,1,0,0,0,0,0,257,1,0,0,0,0,0,0,1,0,0,0,0,0,0
44,MF03,NO.1 M/E F.O. TEMP. ENGINE INLET,TI,━C,4,0,2,1175,175,0,3,0,250,0,0,0,0,0,0,257,1,0,0,0,0,0,0,1,0,0,0,0,0,0
45,MF04,NO.1 M/E F.O. PRESS. ENGINE INLET LOW,PAL,,2,0,2,1212,175,0,3,0,0,0,0,0,0,0,0,259,1,1,0,0,0,0,0,1,0,0,0,0,0,0
46,MF05,NO.1 M/E F.O. TEMP. ENGINE INLET HIGH,TAH,,2,0,2,1217,175,0,3,0,0,0,0,0,0,0,0,259,1,1,0,0,0,0,0,1,0,0,0,0,0,0
47,MF06,NO.1 M/E F.O. LEAKAGE TANK LEVEL HIGH,XA,,2,0,2,1224,175,0,3,0,0,0,0,0,0,0,0,259,1,1,0,0,0,0,0,1,0,0,0,0,0,0
48,MF07,NO.1 M/E F.O. FILTER DIFF. PRESS. HIGH,OAH,,2,0,2,1226,175,0,3,0,0,0,0,0,0,0,0,259,1,1,0,0,0,0,0,1,0,0,0,0,0,0
49,MF08,NO.2 M/E F.O. PRESS. FILTER INLET,PI,BAR,4,0,2,2351,205,0,3,0,16,0,0,0,0,0,0,257,1,0,0,0,0,0,0,1,0,0,0,0,0,0
50,MF09,NO.2 M/E F.O. PRESS. ENGINE INLET,PI,BAR,4,0,2,2352,205,0,3,0,16,1,0,0,0,0,0,257,1,0,0,0,0,0,0,1,0,0,0,0,0,0
51,MF10,NO.2 M/E F.O. TEMP. ENGINE INLET,TI,━C,4,0,2,2375,205,0,3,0,250,0,0,0,0,0,0,257,1,0,0,0,0,0,0,1,0,0,0,0,0,0
52,MF11,NO.2 M/E F.O. PRESS. ENGINE INLET LOW,PAL,,2,0,2,2412,205,0,3,0,0,0,0,0,0,0,0,259,1,1,0,0,0,0,0,1,0,0,0,0,0,0
53,MF12,NO.2 M/E F.O. TEMP. ENGINE INLET HIGH,TAH,,2,0,2,2417,205,0,3,0,0,0,0,0,0,0,0,259,1,1,0,0,0,0,0,1,0,0,0,0,0,0
54,MF13,NO.2 M/E F.O. LEAKAGE TANK LEVEL HIGH,XA,,2,0,2,2424,205,0,3,0,0,0,0,0,0,0,0,259,1,1,0,0,0,0,0,1,0,0,0,0,0,0
55,MF14,NO.2 M/E F.O. FILTER DIFF. PRESS. HIGH,OAH,,2,0,2,2426,205,0,3,0,0,0,0,0,0,0,0,259,1,1,0,0,0,0,0,1,0,0,0,0,0,0
56,MW01A,NO.1 M/E H.T. C.W. PRESSURE ENGINE INLET,PI,BAR,4,0,3,1149,175,0,3,0,6,1.7,0,0,0,0,0,257,1,0,0,0,0,0,0,1,0,0,0,0,0,0
57,MW02,NO.1 M/E L.T. C.W. PRESS. AIR COOLER INLET,PI,BAR,4,0,3,1150,175,0,3,0,6,1.7,0,0,0,0,0,257,1,0,0,0,0,0,0,1,0,0,0,0,0,0
58,MW03,NO.1 M/E H.T. C.W. TEMP. AIR COOLER INLET,TI,━C,4,0,3,1170,175,0,3,0,120,0,0,0,0,0,0,257,1,0,0,0,0,0,0,1,0,0,0,0,0,0
59,MW04,NO.1 M/E H.T. C.W. TEMP. ENGINE CYLINDER INLET,TI,━C,4,0,3,1171,175,0,3,0,120,0,0,0,0,0,0,257,1,0,0,0,0,0,0,1,0,0,0,0,0,0
60,MW05A,NO.1 M/E H.T. C.W. TEMP. ENGINE CYLINDER OUTLET,TI,━C,4,0,3,1172,175,0,3,0,120,0,92,0,0,0,0,257,1,0,0,0,0,0,0,1,0,0,0,0,0,0
61,MW06,NO.1 M/E L.T. C.W. TEMP. AIR COOLER INLET,TI,━C,4,0,3,1173,175,0,3,0,120,0,0,0,0,0,0,257,1,0,0,0,0,0,0,1,0,0,0,0,0,0
62,MW07,NO.1 M/E L.T. C.W. TEMP. AIR COOLER OUTLET,TI,━C,4,0,3,1174,175,0,3,0,120,0,0,0,0,0,0,257,1,0,0,0,0,0,0,1,0,0,0,0,0,0
63,MW05B,NO.1 M/E H.T. C.W. TEMP. ENGINE CYLINDER OUTLET,TI,━C,4,0,3,1190,175,0,3,0,120,0,92,0,0,0,0,257,1,0,0,0,0,0,0,1,0,0,0,0,0,0
64,MW09,NO.1 M/E H.T. C.W. PRESS. ENGINE INLET LOW,PAL,,2,0,3,1210,175,0,3,0,0,0,0,0,0,0,0,259,1,1,0,0,0,0,0,1,0,0,0,0,0,0
65,MW10,NO.1 M/E L.T. C.W. PRESS. CHARGE AIR. COOLER INLET LOW,PAL,,2,0,3,1211,175,0,3,0,0,0,0,0,0,0,0,259,1,1,0,0,0,0,0,1,0,0,0,0,0,0
66,MW11,NO.1 M/E H.T. C.W. TEMP. ENGINE OUTLET HIGH,TAH,,2,0,3,1216,175,0,3,0,0,0,0,0,0,0,0,259,1,1,0,0,0,0,0,1,0,0,0,0,0,0
67,MW12,NO.1 M/E DEVI. B.S. OF H.T. C.W. PRESS. ENGINE INLET,PI,,2,0,3,1236,175,0,3,0,0,0,0,0,0,0,0,259,1,1,0,0,0,0,0,1,0,0,0,0,0,0
68,MW13,NO.1 M/E DEVI. B.S. OF H.T. C.W. TEMP. ENGINE OUTLET,TI,,2,0,3,1237,175,0,3,0,0,0,0,0,0,0,0,259,1,1,0,0,0,0,0,1,0,0,0,0,0,0
69,MW14A,NO.2 M/E HT C.W. PRESSURE ENGINE INLET,PI,BAR,4,0,3,2349,205,0,3,0,6,1.7,0,0,0,0,0,257,1,0,0,0,0,0,0,1,0,0,0,0,0,0
70,MW15,NO.2 M/E L.T. C.W. PRESS. AIR COOLER INLET,PI,BAR,4,0,3,2350,205,0,3,0,6,1.7,0,0,0,0,0,257,1,0,0,0,0,0,0,1,0,0,0,0,0,0
71,MW16,NO.2 M/E H.T. C.W. TEMP. AIR COOLER INLET,TI,━C,4,0,3,2370,205,0,3,0,120,0,0,0,0,0,0,257,1,0,0,0,0,0,0,1,0,0,0,0,0,0
72,MW17,NO.2 M/E H.T. C.W. TEMP. ENGINE CYLINDER INLET,TI,━C,4,0,3,2371,205,0,3,0,120,0,0,0,0,0,0,257,1,0,0,0,0,0,0,1,0,0,0,0,0,0
73,MW18A,NO.2 M/E H.T. C.W. TEMP. ENGINE CYLINDER OUTLET,TI,━C,4,0,3,2372,205,0,3,0,120,0,92,0,0,0,0,257,1,0,0,0,0,0,0,1,0,0,0,0,0,0
74,MW19,NO.2 M/E L.T. C.W. TEMP. AIR COOLER INLET,TI,━C,4,0,3,2373,205,0,3,0,120,0,0,0,0,0,0,257,1,0,0,0,0,0,0,1,0,0,0,0,0,0
75,MW20,NO.2 M/E L.T. C.W. TEMP. AIR COOLER OUTLET,TI,━C,4,0,3,2374,205,0,3,0,120,0,0,0,0,0,0,257,1,0,0,0,0,0,0,1,0,0,0,0,0,0
76,MW18B,NO.2 M/E H.T. C.W. TEMP. ENGINE CYLINDER OUTLET,TI,━C,4,0,3,2390,205,0,3,0,120,0,92,0,0,0,0,257,1,0,0,0,0,0,0,1,0,0,0,0,0,0
77,MW22,NO.2 M/E H.T. C.W. PRESS. ENGINE INLET LOW,PAL,,2,0,3,2410,205,0,3,0,0,0,0,0,0,0,0,259,1,1,0,0,0,0,0,1,0,0,0,0,0,0
78,MW23,NO.2 M/E L.T. C.W. PRESS. CHARGE AIR. COOLER INLET LOW,PAL,,2,0,3,2411,205,0,3,0,0,0,0,0,0,0,0,259,1,1,0,0,0,0,0,1,0,0,0,0,0,0
79,MW24,NO.2 M/E H.T. C.W. TEMP. ENGINE OUTLET HIGH,TAH,,2,0,3,2416,205,0,3,0,0,0,0,0,0,0,0,259,1,1,0,0,0,0,0,1,0,0,0,0,0,0
80,MW25,NO.2 M/E DEVI. B.S. OF H.T. C.W. PRESS. ENGINE INLET,PI,,2,0,3,2436,205,0,3,0,0,0,0,0,0,0,0,259,1,1,0,0,0,0,0,1,0,0,0,0,0,0
81,MW26,NO.2 M/E DEVI. B.S. OF H.T. C.W. TEMP. ENGINE OUTLET,TI,,2,0,3,2437,205,0,3,0,0,0,0,0,0,0,0,259,1,1,0,0,0,0,0,1,0,0,0,0,0,0
82,MW27,NO.1 M/E S.W. PRESS.,PI,BAR,4,0,3,1275,175,0,2,0,10,0,0,0,0,0,0,257,1,0,0,0,0,0,0,1,0,0,0,0,0,0
83,MW28,NO.2 M/E S.W. PRESS.,PI,BAR,4,0,3,2465,205,0,2,0,10,0,0,0,0,0,0,257,1,0,0,0,0,0,0,1,0,0,0,0,0,0
84,ME01,NO.1 M/E E.G.T. CYLINDER A1,TI,━C,4,0,4,1101,175,0,1,0,690,0,0,0,0,0,0,257,1,0,0,0,0,0,0,1,0,0,0,0,0,0
85,ME02,NO.1 M/E E.G.T. CYLINDER A2,TI,━C,4,0,4,1102,175,0,1,0,690,0,0,0,0,0,0,257,1,0,0,0,0,0,0,1,0,0,0,0,0,0
86,ME03,NO.1 M/E E.G.T. CYLINDER A3,TI,━C,4,0,4,1103,175,0,1,0,690,0,0,0,0,0,0,257,1,0,0,0,0,0,0,1,0,0,0,0,0,0
87,ME04,NO.1 M/E E.G.T. CYLINDER A4,TI,━C,4,0,4,1104,175,0,1,0,690,0,0,0,0,0,0,257,1,0,0,0,0,0,0,1,0,0,0,0,0,0
88,ME05,NO.1 M/E E.G.T. CYLINDER A5,TI,━C,4,0,4,1105,175,0,1,0,690,0,0,0,0,0,0,257,1,0,0,0,0,0,0,1,0,0,0,0,0,0
89,ME06,NO.1 M/E E.G.T. CYLINDER A6,TI,━C,4,0,4,1106,175,0,1,0,690,0,0,0,0,0,0,257,1,0,0,0,0,0,0,1,0,0,0,0,0,0
90,ME07,NO.1 M/E E.G.T. TC INLET,TI,━C,4,0,4,1107,175,0,1,0,690,0,0,0,0,0,0,257,1,0,0,0,0,0,0,1,0,0,0,0,0,0
91,ME08,NO.1 M/E E.G.T. TC OUTLET,TI,━C,4,0,4,1108,175,0,1,0,690,0,0,0,0,0,0,257,1,0,0,0,0,0,0,1,0,0,0,0,0,0
92,ME09,NO.1 M/E E.G.T. MEAN VALUE,TI,━C,4,0,4,1109,175,0,1,0,690,0,0,0,0,0,0,257,1,0,0,0,0,0,0,1,0,0,0,0,0,0
93,ME10,NO.1 M/E E.G.T. EACH CYLINDER HIGH(COMMON),TAH,,2,0,4,1219,175,0,3,0,0,0,0,0,0,0,0,259,1,1,0,0,0,0,0,1,0,0,0,0,0,0
94,ME11,NO.1 M/E E.G.T. MEAN VALUE DEVI. HIGH(COMMON),TAH,,2,0,4,1220,175,0,3,0,0,0,0,0,0,0,0,259,1,1,0,0,0,0,0,1,0,0,0,0,0,0
95,ME12,NO.2 M/E E.G.T. CYLINDER A1,TI,━C,4,0,4,2301,205,0,1,0,690,0,0,0,0,0,0,257,1,0,0,0,0,0,0,1,0,0,0,0,0,0
96,ME13,NO.2 M/E E.G.T. CYLINDER A2,TI,━C,4,0,4,2302,205,0,1,0,690,0,0,0,0,0,0,257,1,0,0,0,0,0,0,1,0,0,0,0,0,0
97,ME14,NO.2 M/E E.G.T. CYLINDER A3,TI,━C,4,0,4,2303,205,0,1,0,690,0,0,0,0,0,0,257,1,0,0,0,0,0,0,1,0,0,0,0,0,0
98,ME15,NO.2 M/E E.G.T. CYLINDER A4,TI,━C,4,0,4,2304,205,0,1,0,690,0,0,0,0,0,0,257,1,0,0,0,0,0,0,1,0,0,0,0,0,0
99,ME16,NO.2 M/E E.G.T. CYLINDER A5,TI,━C,4,0,4,2305,205,0,1,0,690,0,0,0,0,0,0,257,1,0,0,0,0,0,0,1,0,0,0,0,0,0
100,ME17,NO.2 M/E E.G.T. CYLINDER A6,TI,━C,4,0,4,2306,205,0,1,0,690,0,0,0,0,0,0,257,1,0,0,0,0,0,0,1,0,0,0,0,0,0
101,ME18,NO.2 M/E E.G.T. TC INLET,TI,━C,4,0,4,2307,205,0,1,0,690,0,0,0,0,0,0,257,1,0,0,0,0,0,0,1,0,0,0,0,0,0
102,ME19,NO.2 M/E E.G.T. TC OUTLET,TI,━C,4,0,4,2308,205,0,1,0,690,0,0,0,0,0,0,257,1,0,0,0,0,0,0,1,0,0,0,0,0,0
103,ME20,NO.2 M/E E.G.T. MEAN VALUE,TI,━C,4,0,4,2309,205,0,1,0,690,0,0,0,0,0,0,257,1,0,0,0,0,0,0,1,0,0,0,0,0,0
104,ME21,NO.2 M/E E.G.T. EACH CYLINDER HIGH(COMMON),TAH,,2,0,4,2419,205,0,3,0,0,0,0,0,0,0,0,259,1,1,0,0,0,0,0,1,0,0,0,0,0,0
105,ME22,NO.2 M/E E.G.T. MEAN VALUE DEVI. HIGH(COMMON),TAH,,2,0,4,2420,205,0,3,0,0,0,0,0,0,0,0,259,1,1,0,0,0,0,0,1,0,0,0,0,0,0
106,MA01,NO.1 M/E CHARGE AIR. PRESS. ENGINE INLET,PI,BAR,4,0,5,1153,175,0,3,0,4,0,0,0,0,0,0,257,1,0,0,0,0,0,0,1,0,0,0,0,0,0
107,MA02,NO.1 M/E STARTING AIR PRESS. ENGINE INLET,PI,BAR,4,0,5,1154,175,0,2,0,40,15,0,0,0,0,0,257,1,0,0,0,0,0,0,1,0,0,0,0,0,0
108,MA03,NO.1 M/E CTRL. AIR PRESS. ENGINE INLET,PI,BAR,4,0,5,1155,175,0,3,0,10,6,0,0,0,0,0,257,1,0,0,0,0,0,0,1,0,0,0,0,0,0
109,MA04,NO.1 M/E CHARGE AIR. TEMP. ENGINE INLET,TI,━C,4,0,5,1176,175,0,3,0,120,25,65,0,0,0,0,257,1,0,0,0,0,0,0,1,0,0,0,0,0,0
113,MA08,NO.2 M/E CHARGE AIR. PRESS. ENGINE INLET,PI,BAR,4,0,5,2353,205,0,3,0,4,0,0,0,0,0,0,257,1,0,0,0,0,0,0,1,0,0,0,0,0,0
114,MA09,NO.2 M/E STARTING AIR PRESS. ENGINE INLET,PI,BAR,4,0,5,2354,205,0,2,0,40,15,0,0,0,0,0,257,1,0,0,0,0,0,0,1,0,0,0,0,0,0
115,MA10,NO.2 M/E CTRL. AIR PRESS. ENGINE INLET,PI,BAR,4,0,5,2355,205,0,3,0,10,6,0,0,0,0,0,257,1,0,0,0,0,0,0,1,0,0,0,0,0,0
116,MA11,NO.2 M/E CHARGE AIR. TEMP. ENGINE INLET,TI,━C,4,0,5,2376,205,0,3,0,120,25,65,0,0,0,0,257,1,0,0,0,0,0,0,1,0,0,0,0,0,0
120,MC01,NO.1 M/E CTRL. SYSTEM POWER FAIL.,XA,,1,0,6,200,175,2305,2,0,0,0,0,0,0,0,0,259,1,1,0,0,0,0,0,1,0,0,0,0,0,0
121,MC06,NO.2 M/E CTRL. SYSTEM POWER FAIL.,XA,,1,0,6,205,205,2300,2,0,0,0,0,0,0,0,0,259,1,1,0,0,0,0,0,1,0,0,0,0,0,0
122,MC02,NO.1 M/E STOP,XA,,1,0,6,201,0,0,2,0,0,0,0,0,0,0,0,259,1,1,0,0,0,0,0,1,0,0,0,0,0,0
123,MC03,NO.1 M/E READY TO START,XA,,1,0,6,202,0,0,2,0,0,0,0,0,0,0,0,259,1,1,0,0,0,0,0,1,0,0,0,0,0,0
124,MC04,NO.1 M/E CLUTCH ENGAGED,XA,,1,0,6,203,0,0,2,0,0,0,0,0,0,0,0,259,1,1,0,0,0,0,0,1,0,0,0,0,0,0
125,MC05,NO.1 M/E CLUTCH DISENGAGED,XA,,1,0,6,204,0,0,2,0,0,0,0,0,0,0,0,259,1,1,0,0,0,0,0,1,0,0,0,0,0,0
126,MC07,NO.2 M/E STOP,XA,,1,0,6,206,0,0,2,0,0,0,0,0,0,0,0,259,1,1,0,0,0,0,0,1,0,0,0,0,0,0
127,MC08,NO.2 M/E READY TO START,XA,,1,0,6,207,0,0,2,0,0,0,0,0,0,0,0,259,1,1,0,0,0,0,0,1,0,0,0,0,0,0
128,MC09,NO.2 M/E COMMON ENGAGED,XA,,1,0,6,208,0,0,2,0,0,0,0,0,0,0,0,259,1,1,0,0,0,0,0,1,0,0,0,0,0,0
129,MC10,NO.2 M/E CLUTCH DISENGAGED,XA,,1,0,6,209,0,0,2,0,0,0,0,0,0,0,0,259,1,1,0,0,0,0,0,1,0,0,0,0,0,0
130,MC38,AIR TANK VALVE CLOSED,XA,,1,0,6,1702,0,0,3,0,0,0,0,0,0,0,0,259,1,1,0,0,0,0,0,1,0,0,0,0,0,0
133,MC14,NO.1 CPP MAIN POWER FAIL.,XA,,1,0,6,303,0,0,2,0,0,0,0,0,0,0,0,259,1,1,0,0,0,0,0,1,0,0,0,0,0,0
134,MC15,NO.1 CPP BATTERY POWER FAIL.,XA,,1,0,6,304,0,0,2,0,0,0,0,0,0,0,0,259,1,1,0,0,0,0,0,1,0,0,0,0,0,0
135,MC16,NO.1 CPP CTRL. FAIL.,XA,,1,0,6,305,0,0,2,0,0,0,0,0,0,0,0,259,1,1,0,0,0,0,0,1,0,0,0,0,0,0
136,MC17,NO.1 CPP SIGNAL CONVERTER FAULT,XA,,1,0,6,306,0,0,2,0,0,0,0,0,0,0,0,259,1,1,0,0,0,0,0,1,0,0,0,0,0,0
137,MC20,NO.1 CPP LOW PRESSURE,XA,,1,0,6,307,0,0,2,0,0,0,0,0,0,0,0,259,1,1,0,0,0,0,0,1,0,0,0,0,0,0
138,MC21,NO.1 CPP FILTER CLOGGED,XA,,1,0,6,308,0,0,2,0,0,0,0,0,0,0,0,259,1,1,0,0,0,0,0,1,0,0,0,0,0,0
139,MC22,NO.1 CPP OIL LEVEL LOW,XA,,1,0,6,309,0,0,2,0,0,0,0,0,0,0,0,259,1,1,0,0,0,0,0,1,0,0,0,0,0,0
140,MC23,NO.1 CPP OIL TEMPERATURE HIGH,XA,,1,0,6,310,0,0,2,0,0,0,0,0,0,0,0,259,1,1,0,0,0,0,0,1,0,0,0,0,0,0
141,MC35,NO.1 CPP PRESS. BEFORE PITCH CTRL,PI,BAR,3,26,6,312,0,0,2,0,0,0,0,0,0,0,0,259,1,1,0,0,0,0,0,,,,,,,
142,MC41,NO.2 CPP PRESS. BEFORE PITCH CTRL.,PI,BAR,3,26,6,315,0,0,2,0,0,0,0,0,0,0,0,259,1,1,0,0,0,0,0,,,,,,,
144,MC25,NO.2 CPP MAIN POWER FAIL.,XA,,1,0,6,503,0,0,2,0,0,0,0,0,0,0,0,259,1,1,0,0,0,0,0,1,0,0,0,0,0,0
145,MC26,NO.2 CPP BATTERY POWER FAIL.,XA,,1,0,6,504,0,0,2,0,0,0,0,0,0,0,0,259,1,1,0,0,0,0,0,1,0,0,0,0,0,0
146,MC27,NO.2 CPP CTRL. FAIL.,XA,,1,0,6,505,0,0,2,0,0,0,0,0,0,0,0,259,1,1,0,0,0,0,0,1,0,0,0,0,0,0
147,MC28,NO.2 CPP SIGNAL CONVERTER FAULT,XA,,1,0,6,506,0,0,2,0,0,0,0,0,0,0,0,259,1,1,0,0,0,0,0,1,0,0,0,0,0,0
148,MC29,NO.2 CPP LOW PRESSURE,XA,,1,0,6,507,0,0,2,0,0,0,0,0,0,0,0,259,1,1,0,0,0,0,0,1,0,0,0,0,0,0
149,MC30,NO.2 CPP FILTER CLOGGED,XA,,1,0,6,508,0,0,2,0,0,0,0,0,0,0,0,259,1,1,0,0,0,0,0,1,0,0,0,0,0,0
150,MC31,NO.2 CPP OIL LEVEL LOW,XA,,1,0,6,509,0,0,2,0,0,0,0,0,0,0,0,259,1,1,0,0,0,0,0,1,0,0,0,0,0,0
151,MC32,NO.2 CPP OIL TEMPERATURE HIGH,XA,,1,0,6,510,0,0,2,0,0,0,0,0,0,0,0,259,1,1,0,0,0,0,0,1,0,0,0,0,0,0
152,MC33,NO.1 CPP PITCH,XI,%,3,26,6,310,0,0,3,-100,100,0,50,0,0,0,0,257,1,0,0,0,0,0,0,1,0,0,0,0,0,0
153,MC34,NO.1 CPP SPEED,XI,RPM,3,26,6,311,0,0,3,0,350,0,0,0,0,0,0,257,1,0,0,0,0,0,0,1,0,0,0,0,0,0
155,MC36,NO.2 CPP PITCH,XI,%,3,26,6,313,0,0,3,-100,100,0,50,0,0,0,0,257,1,0,0,0,0,0,0,1,0,0,0,0,0,0
156,MC37,NO.2 CPP SPEED,XI,RPM,3,26,6,314,0,0,3,0,350,0,0,0,0,0,0,257,1,0,0,0,0,0,0,1,0,0,0,0,0,0
157,MC39,NO.1 CPP ME5 OIL PRESSURE,PI,BAR,3,26,6,320,0,0,2,0,0,0,0,0,0,0,0,259,1,1,0,0,0,0,0,,,,,,,
158,MC40,NO.2 CPP ME5 OIL PRESSURE,PI,BAR,3,26,6,321,0,0,2,0,0,0,0,0,0,0,0,259,1,1,0,0,0,0,0,,,,,,,
160,ML47,NO.1 G/B OIL TEMPERATURE HIGH,TI,━C,4,0,1,1191,175,0,3,0,120,0,65,0,0,0,0,257,1,0,0,0,0,0,0,1,0,0,0,0,0,0
161,MC42,NO.1 M/E SPEED 1,SI,RPM,4,0,6,1198,175,0,3,0,1000,0,0,0,0,0,0,257,1,0,0,0,0,0,0,1,0,0,0,0,0,0
162,MC43,NO.1 M/E SPEED 2,SI,RPM,4,0,6,1199,175,0,3,0,1000,0,0,0,0,0,0,257,1,0,0,0,0,0,0,1,0,0,0,0,0,0
163,MC44,NO.1 M/E TURBO CHARGER SPEED,SI,RPM,4,0,6,1200,175,0,2,0,700000,0,0,0,0,0,0,259,1,0,0,0,0,0,0,1,0,0,0,0,0,0
164,MC45,NO.1 M/E FUEL INDEX(ACTUAL LOAD),FI,%,4,0,6,1201,175,0,2,0,120,0,105,0,0,0,0,259,1,0,0,0,0,0,0,1,0,0,0,0,0,0
165,MC46,NO.1 M/E WORKING HOURS,FI,h,4,0,6,1206,175,0,3,0,4294967295,0,0,0,0,0,0,257,1,0,0,0,0,0,0,1,0,0,0,0,0,0
166,MC47,NO.1 M/E OVERSPEED,XA,,2,0,6,1221,175,2405,3,0,0,0,0,0,0,0,0,259,1,1,0,0,0,0,0,1,0,0,0,0,0,0
167,MC48,NO.1 M/E T/C OVERSPEED,XA,,2,0,6,1222,175,0,3,0,0,0,0,0,0,0,0,259,1,1,0,0,0,0,0,1,0,0,0,0,0,0
168,MC49,NO.1 M/E RUNNING ERROR,XA,,2,0,6,1227,175,0,3,0,0,0,0,0,0,0,0,259,1,1,0,0,0,0,0,1,0,0,0,0,0,0
169,MC50,NO.1 M/E START FAIL.,XA,,2,0,6,1228,175,0,3,0,0,0,0,0,0,0,0,259,1,1,0,0,0,0,0,1,0,0,0,0,0,0
170,ML63,NO.1 M/E G/B CLUTCH OIL PRESS. LOW,XA,,2,0,6,1231,175,0,1,0,0,0,0,0,0,0,0,259,1,1,0,0,0,0,0,1,0,0,0,0,0,0
171,ML47,NO.1 G/B OIL TEMPERATURE HIGH,XA,,2,0,1,1232,175,0,3,0,0,0,0,0,0,0,0,259,1,1,0,0,0,0,0,1,0,0,0,0,0,0
172,ML64,NO.1 M/E G/B L.O. TANK LV LOW,XA,,2,0,6,1233,175,0,3,0,0,0,0,0,0,0,0,259,1,1,0,0,0,0,0,1,0,0,0,0,0,0
173,MC54,NO.1 M/E DEVI. B.S. OF ENGINE SPEED,XA,,2,0,6,1234,175,0,3,0,0,0,0,0,0,0,0,259,1,1,0,0,0,0,0,1,0,0,0,0,0,0
174,MC55,NO.1 M/E JET ASSIST FAIL.,XA,,2,0,6,1238,175,0,3,0,0,0,0,0,0,0,0,259,1,1,0,0,0,0,0,1,0,0,0,0,0,0
175,MC56,NO.1 M/E STOPPED,XI,,2,0,6,1240,175,0,3,0,0,0,0,0,0,0,0,259,1,1,0,0,0,0,0,1,0,0,0,0,0,0
176,MC57,NO.1 M/E STOPPING,XI,,2,0,6,1241,175,0,3,0,0,0,0,0,0,0,0,259,1,1,0,0,0,0,0,1,0,0,0,0,0,0
177,MC58,NO.1 M/E RUNNING,XI,,2,0,6,1242,175,0,3,0,0,0,0,0,0,0,0,259,1,1,0,0,0,0,0,1,0,0,0,0,0,0
178,MC59,NO.1 M/E STARTING,XI,,2,0,6,1243,175,0,3,0,0,0,0,0,0,0,0,259,1,1,0,0,0,0,0,1,0,0,0,0,0,0
179,MC60,NO.1 M/E READY TO START,XI,,2,0,6,1244,175,0,3,0,0,0,0,0,0,0,0,259,1,1,0,0,0,0,0,1,0,0,0,0,0,0
180,MC61,NO.1 M/E TURNING GEAR ENGAGED,XI,,2,0,6,1245,175,0,3,0,0,0,0,0,0,0,0,259,1,1,0,0,0,0,0,1,0,0,0,0,0,0
181,MC62,NO.1 M/E CLUTCH ENGAGED,XI,,2,0,6,1246,175,0,3,0,0,0,0,0,0,0,0,259,1,1,0,0,0,0,0,1,0,0,0,0,0,0
182,MC63,NO.1 M/E REMOTE CTRL. ACTIVE,XI,,2,0,6,1247,175,2302,3,0,0,0,0,0,0,0,0,259,1,1,0,0,0,0,0,1,0,0,0,0,0,0
183,MC64,NO.1 M/E M.D.O. USED,XI,,2,0,6,1248,175,0,3,0,0,0,0,0,0,0,0,259,1,1,0,0,0,0,0,1,0,0,0,0,0,0
184,MC65,NO.1 M/E H.F.O. USED,XI,,2,0,6,1249,175,0,3,0,0,0,0,0,0,0,0,259,1,1,0,0,0,0,0,1,0,0,0,0,0,0
185,MC66,NO.1 M/E JET ASSIST ON,XI,,2,0,6,1250,175,0,3,0,0,0,0,0,0,0,0,259,1,1,0,0,0,0,0,1,0,0,0,0,0,0
186,MC67,NO.1 M/E SLOW TURN REQ.,XI,,2,0,6,1251,175,0,3,0,0,0,0,0,0,0,0,259,1,1,0,0,0,0,0,1,0,0,0,0,0,0
187,MC68,NO.1 M/E PRE-LUBRICATION IS ACTIVE,XI,,2,0,6,1252,175,0,3,0,0,0,0,0,0,0,0,259,1,1,0,0,0,0,0,1,0,0,0,0,0,0
188,MC69,NO.1 M/E POST-LUBRICATION IS ACTIVE,XI,,2,0,6,1253,175,0,3,0,0,0,0,0,0,0,0,259,1,1,0,0,0,0,0,1,0,0,0,0,0,0
189,ML49,NO.2 G/B OIL TEMPERATURE,TI,━C,4,0,1,2391,205,0,3,0,120,0,65,0,0,0,0,257,1,0,0,0,0,0,0,1,0,0,0,0,0,0
190,MC71,NO.2 M/E SPEED 1,SI,RPM,4,0,6,2398,205,0,3,0,1000,0,0,0,0,0,0,257,1,0,0,0,0,0,0,1,0,0,0,0,0,0
191,MC72,NO.2 M/E SPEED 2,SI,RPM,4,0,6,2399,205,0,3,0,1000,0,0,0,0,0,0,257,1,0,0,0,0,0,0,1,0,0,0,0,0,0
192,MC73,NO.2 M/E TURBO CHARGER SPEED,SI,RPM,4,0,6,2400,205,0,2,0,70000,0,0,0,0,0,0,259,1,0,0,0,0,0,0,1,0,0,0,0,0,0
193,MC74,NO.2 M/E FUEL INDEX(ACTUAL LOAD),FI,%,4,0,6,2401,205,0,2,0,120,0,105,0,0,0,0,259,1,0,0,0,0,0,0,1,0,0,0,0,0,0
194,MC75,NO.2 M/E WORKING HOURS,FI,h,4,0,6,2406,205,0,3,0,4294967295,0,0,0,0,0,0,257,1,0,0,0,0,0,0,1,0,0,0,0,0,0
195,MC76,NO.2 M/E OVERSPEED,XA,,2,0,6,2421,205,2412,3,0,0,0,0,0,0,0,0,259,1,1,0,0,0,0,0,1,0,0,0,0,0,0
196,MC77,NO.2 M/E T/C OVERSPEED,XA,,2,0,6,2422,205,0,3,0,0,0,0,0,0,0,0,259,1,1,0,0,0,0,0,1,0,0,0,0,0,0
197,ML28,NO.2 M/E O.M.C. IN CRANKCASE HIGH,XA,,2,0,1,2423,205,0,3,0,0,0,0,0,0,0,0,259,1,1,0,0,0,0,0,1,0,0,0,0,0,0
198,MC78,NO.2 M/E RUNNING ERROR,XA,,2,0,6,2427,205,0,3,0,0,0,0,0,0,0,0,259,1,1,0,0,0,0,0,1,0,0,0,0,0,0
199,MC79,NO.2 M/E START FAIL.,XA,,2,0,6,2428,205,0,3,0,0,0,0,0,0,0,0,259,1,1,0,0,0,0,0,1,0,0,0,0,0,0
200,ML67,NO.2 M/E G/B CLUTCH OIL PRESS. LOW,XA,,2,0,6,2431,205,0,1,0,0,0,0,0,0,0,0,259,1,1,0,0,0,0,0,1,0,0,0,0,0,0
201,ML50,NO.2 G/B OIL TEMPERATURE HIGH,XA,,2,0,1,2432,205,0,3,0,0,0,0,0,0,0,0,259,1,1,0,0,0,0,0,1,0,0,0,0,0,0
202,ML68,NO.2 M/E G/B L.O. TANK LV LOW,XA,,2,0,6,2433,205,0,3,0,0,0,0,0,0,0,0,259,1,1,0,0,0,0,0,1,0,0,0,0,0,0
203,MC83,NO.2 M/E DEVI. B.S. OF ENGINE SPEED,XA,,2,0,6,2434,205,0,3,0,0,0,0,0,0,0,0,259,1,1,0,0,0,0,0,1,0,0,0,0,0,0
204,MC84,NO.2 M/E JET ASSIST FAIL.,XA,,2,0,6,2438,205,0,3,0,0,0,0,0,0,0,0,259,1,1,0,0,0,0,0,1,0,0,0,0,0,0
205,MC85,NO.2 M/E STOPPED,XI,,2,0,6,2440,205,0,3,0,0,0,0,0,0,0,0,259,1,1,0,0,0,0,0,1,0,0,0,0,0,0
206,MC86,NO.2 M/E STOPPING,XI,,2,0,6,2441,205,0,3,0,0,0,0,0,0,0,0,259,1,1,0,0,0,0,0,1,0,0,0,0,0,0
207,MC87,NO.2 M/E RUNNING,XI,,2,0,6,2442,205,0,3,0,0,0,0,0,0,0,0,259,1,1,0,0,0,0,0,1,0,0,0,0,0,0
208,MC88,NO.2 M/E STARTING,XI,,2,0,6,2443,205,0,3,0,0,0,0,0,0,0,0,259,1,1,0,0,0,0,0,1,0,0,0,0,0,0
209,MC89,NO.2 M/E READY TO START,XI,,2,0,6,2444,205,0,3,0,0,0,0,0,0,0,0,259,1,1,0,0,0,0,0,1,0,0,0,0,0,0
210,MC90,NO.2 M/E TURNING GEAR ENGAGED,XI,,2,0,6,2445,205,0,3,0,0,0,0,0,0,0,0,259,1,1,0,0,0,0,0,1,0,0,0,0,0,0
211,MC91,NO.2 M/E CLUTCH ENGAGED,XI,,2,0,6,2446,205,0,3,0,0,0,0,0,0,0,0,259,1,1,0,0,0,0,0,1,0,0,0,0,0,0
212,MC92,NO.2 M/E REMOTE CTRL. ACTIVE,XI,,2,0,6,2447,205,2309,3,0,0,0,0,0,0,0,0,259,1,1,0,0,0,0,0,1,0,0,0,0,0,0
213,MC93,NO.2 M/E M.D.O. USED,XI,,2,0,6,2448,205,0,3,0,0,0,0,0,0,0,0,259,1,1,0,0,0,0,0,1,0,0,0,0,0,0
214,MC94,NO.2 M/E H.F.O. USED,XI,,2,0,6,2449,205,0,3,0,0,0,0,0,0,0,0,259,1,1,0,0,0,0,0,1,0,0,0,0,0,0
215,MC95,NO.2 M/E JET ASSIST ON,XI,,2,0,6,2450,205,0,3,0,0,0,0,0,0,0,0,259,1,1,0,0,0,0,0,1,0,0,0,0,0,0
216,MC96,NO.2 M/E SLOW TURN REQ.,XI,,2,0,6,2451,205,0,3,0,0,0,0,0,0,0,0,259,1,1,0,0,0,0,0,1,0,0,0,0,0,0
217,ML69,NO.2 M/E PRE-LUBRICATION IS ACTIVE,XI,,2,0,6,2452,205,0,3,0,0,0,0,0,0,0,0,259,1,1,0,0,0,0,0,1,0,0,0,0,0,0
218,ML70,NO.2 M/E POST-LUBRICATION IS ACTIVE,XI,,2,0,6,2453,205,0,3,0,0,0,0,0,0,0,0,259,1,1,0,0,0,0,0,1,0,0,0,0,0,0
219,GA01,NO.1 G/E EM'CY  STOP,XC,,1,0,7,400,0,0,4,0,0,0,0,0,0,0,0,257,1,0,0,0,0,0,0,1,0,0,0,0,0,0
220,GA02,NO.1 G/E SYSTEM ERROR,XC,,1,0,7,401,0,0,4,0,0,0,0,0,0,0,0,257,1,0,0,0,0,0,0,1,0,0,0,0,0,0
221,GA03,NO.1 G/E REMOTE MODE,XA,,2,0,7,3501,223,0,4,0,0,0,0,0,0,0,0,259,1,1,0,0,0,0,0,1,0,0,0,0,0,0
222,GA04,NO.1 G/E LOCAL MODE,XA,,2,0,7,3502,223,0,4,0,0,0,0,0,0,0,0,259,1,1,0,0,0,0,0,1,0,0,0,0,0,0
223,GA05,NO.1 G/E SELECT OFF,XA,,2,0,7,3503,0,0,4,0,0,0,0,0,0,0,0,259,1,1,0,0,0,0,0,1,0,0,0,0,0,0
224,GA06,NO.1 G/E READY FOR START,XA,,2,0,7,3504,223,0,4,0,0,0,0,0,0,0,0,259,1,1,0,0,0,0,0,1,0,0,0,0,0,0
225,GA07,NO.1 G/E RUNNING,XA,,2,0,7,3505,223,0,4,0,0,0,0,0,0,0,0,259,1,1,0,0,0,0,0,1,0,0,0,0,0,0
226,GA08,NO.1 G/E COMMON ALARM,XA,,2,0,7,3506,223,2301,4,0,0,0,0,0,0,0,0,259,1,1,0,0,0,0,0,1,0,0,0,0,0,0
227,GA09,NO.1 G/E COMMON SHUTDOWN,SHA,,2,0,7,3507,223,0,4,0,0,0,0,0,0,0,0,259,1,1,0,0,0,0,0,1,0,0,0,0,0,0
228,GA10,NO.1 G/E START FAIL,XA,,2,0,7,3508,223,2303,4,0,0,0,0,0,0,0,0,259,1,1,0,0,0,0,0,1,0,0,0,0,0,0
229,GA11,NO.1 G/E OVERSPEED SHUT DOWN,SHA,,2,0,7,3509,223,0,4,0,0,0,0,0,0,0,0,259,1,1,0,0,0,0,0,1,0,0,0,0,0,0
230,GA12,NO.1 G/E LOW OIL PRESS.,XA,,2,0,7,3510,223,0,4,0,0,0,0,0,0,0,0,259,1,1,0,0,0,0,0,1,0,0,0,0,0,0
231,GA13,NO.1 G/E LOW OIL PRESS. SHUTDOWN,SHA,,2,0,7,3511,223,0,4,0,0,0,0,0,0,0,0,259,1,1,0,0,0,0,0,1,0,0,0,0,0,0
232,GA14,NO.1 G/E HIGH COOLANT TEMP.,XA,,2,0,7,3512,223,0,4,0,0,0,0,0,0,0,0,259,1,1,0,0,0,0,0,1,0,0,0,0,0,0
233,GA15,NO.1 G/E HIGH COOLANT TEMP. SHUTDOWN,SHA,,2,0,7,3513,223,0,4,0,0,0,0,0,0,0,0,259,1,1,0,0,0,0,0,1,0,0,0,0,0,0
234,GA16,NO.1 G/E OIL PRESS.,IND,BAR,4,0,7,3514,223,0,4,0,8.9,0,0,0,0,0,0,257,1,0,0,0,0,0,0,1,0,0,0,0,0,0
235,GA17,NO.1 G/E COOLANT TEMP.,IND,━C,4,0,7,3515,223,0,4,-40,120,0,0,0,0,0,0,257,1,0,0,0,0,0,0,1,0,0,0,0,0,0
236,GA18,NO.1 G/E SPEED,IND,rpm,4,0,7,3516,223,0,4,0,8032,0,0,0,0,0,0,257,1,0,0,0,0,0,0,1,0,0,0,0,0,0
237,GB01,NO.2 G/E EM'CY  STOP,XC,,1,0,8,402,0,0,4,0,0,0,0,0,0,0,0,257,1,0,0,0,0,0,0,1,0,0,0,0,0,0
238,GB02,NO.2 G/E SYSTEM ERROR,XC,,1,0,8,403,0,0,4,0,0,0,0,0,0,0,0,257,1,0,0,0,0,0,0,1,0,0,0,0,0,0
239,GB03,NO.2 G/E REMOTE MODE,XA,,2,0,8,4531,241,0,4,0,0,0,0,0,0,0,0,259,1,1,0,0,0,0,0,1,0,0,0,0,0,0
240,GB04,NO.2 G/E LOCAL MODE,XA,,2,0,8,4532,241,0,4,0,0,0,0,0,0,0,0,259,1,1,0,0,0,0,0,1,0,0,0,0,0,0
241,GB05,NO.2 G/E SELECT OFF,XA,,2,0,8,4533,0,0,4,0,0,0,0,0,0,0,0,259,1,1,0,0,0,0,0,1,0,0,0,0,0,0
242,GB06,NO.2 G/E READY FOR START,XA,,2,0,8,4534,241,0,4,0,0,0,0,0,0,0,0,259,1,1,0,0,0,0,0,1,0,0,0,0,0,0
243,GB07,NO.2 G/E RUNNING,XA,,2,0,8,4535,241,0,4,0,0,0,0,0,0,0,0,259,1,1,0,0,0,0,0,1,0,0,0,0,0,0
244,GB08,NO.2 G/E COMMON ALARM,XA,,2,0,8,4536,241,0,4,0,0,0,0,0,0,0,0,259,1,1,0,0,0,0,0,1,0,0,0,0,0,0
245,GB09,NO.2 G/E COMMON SHUTDOWN,SHA,,2,0,8,4537,241,0,4,0,0,0,0,0,0,0,0,259,1,1,0,0,0,0,0,1,0,0,0,0,0,0
246,GB10,NO.2 G/E START FAIL,XA,,2,0,8,4538,241,0,4,0,0,0,0,0,0,0,0,259,1,1,0,0,0,0,0,1,0,0,0,0,0,0
247,GB11,NO.2 G/E OVERSPEED SHUT DOWN,SHA,,2,0,8,4539,241,0,4,0,0,0,0,0,0,0,0,259,1,1,0,0,0,0,0,1,0,0,0,0,0,0
248,GB12,NO.2 G/E LOW OIL PRESS.,XA,,2,0,8,4540,241,0,4,0,0,0,0,0,0,0,0,259,1,1,0,0,0,0,0,1,0,0,0,0,0,0
249,GB13,NO.2 G/E LOW OIL PRESS. SHUTDOWN,SHA,,2,0,8,4541,241,0,4,0,0,0,0,0,0,0,0,259,1,1,0,0,0,0,0,1,0,0,0,0,0,0
250,GB14,NO.2 G/E HIGH COOLANT TEMP.,XA,,2,0,8,4542,241,0,4,0,0,0,0,0,0,0,0,259,1,1,0,0,0,0,0,1,0,0,0,0,0,0
251,GB15,NO.2 G/E HIGH COOLANT TEMP. SHUTDOWN,SHA,,2,0,8,4543,241,0,4,0,0,0,0,0,0,0,0,259,1,1,0,0,0,0,0,1,0,0,0,0,0,0
252,GB16,NO.2 G/E OIL PRESS.,IND,BAR,4,0,8,4544,241,0,4,0,8.9,0,0,0,0,0,0,257,1,0,0,0,0,0,0,1,0,0,0,0,0,0
253,GB17,NO.2 G/E COOLANT TEMP.,IND,━C,4,0,8,4545,241,0,4,-40,120,0,0,0,0,0,0,257,1,0,0,0,0,0,0,1,0,0,0,0,0,0
254,GB18,NO.2 G/E SPEED,IND,rpm,4,0,8,4546,241,0,4,0,8032,0,0,0,0,0,0,257,1,0,0,0,0,0,0,1,0,0,0,0,0,0
255,GC01,HARBOUR G/E EM'CY  STOP,XC,,1,0,9,404,0,0,4,0,0,0,0,0,0,0,0,257,1,0,0,0,0,0,0,1,0,0,0,0,0,0
256,GC02,HARBOUR G/E SYSTEM ERROR,XC,,1,0,9,405,0,0,4,0,0,0,0,0,0,0,0,257,1,0,0,0,0,0,0,1,0,0,0,0,0,0
257,GC03,HARBOUR G/E REMOTE MODE,XA,,2,0,9,5561,259,0,4,0,0,0,0,0,0,0,0,259,1,1,0,0,0,0,0,1,0,0,0,0,0,0
258,GC04,HARBOUR G/E LOCAL MODE,XA,,2,0,9,5562,259,0,4,0,0,0,0,0,0,0,0,259,1,1,0,0,0,0,0,1,0,0,0,0,0,0
259,GC05,HARBOUR G/E SELECT OFF,XA,,2,0,9,5563,0,0,4,0,0,0,0,0,0,0,0,259,1,1,0,0,0,0,0,1,0,0,0,0,0,0
260,GC06,HARBOUR G/E READY FOR START,XA,,2,0,9,5564,259,0,4,0,0,0,0,0,0,0,0,259,1,1,0,0,0,0,0,1,0,0,0,0,0,0
261,GC07,HARBOUR G/E RUNNING,XA,,2,0,9,5565,259,0,4,0,0,0,0,0,0,0,0,259,1,1,0,0,0,0,0,1,0,0,0,0,0,0
262,GC08,HARBOUR G/E COMMON ALARM,XA,,2,0,9,5566,259,0,4,0,0,0,0,0,0,0,0,259,1,1,0,0,0,0,0,1,0,0,0,0,0,0
263,GC09,HARBOUR G/E COMMON SHUTDOWN,SHA,,2,0,9,5567,259,0,4,0,0,0,0,0,0,0,0,259,1,1,0,0,0,0,0,1,0,0,0,0,0,0
264,GC10,HARBOUR G/E START FAIL,XA,,2,0,9,5568,259,0,4,0,0,0,0,0,0,0,0,259,1,1,0,0,0,0,0,1,0,0,0,0,0,0
265,GC11,HARBOUR G/E OVERSPEED SHUT DOWN,SHA,,2,0,9,5569,259,0,4,0,0,0,0,0,0,0,0,259,1,1,0,0,0,0,0,1,0,0,0,0,0,0
266,GC12,HARBOUR G/E LOW OIL PRESS.,XA,,2,0,9,5570,259,0,4,0,0,0,0,0,0,0,0,259,1,1,0,0,0,0,0,1,0,0,0,0,0,0
267,GC13,HARBOUR G/E LOW OIL PRESS. SHUTDOWN,SHA,,2,0,9,5571,259,0,4,0,0,0,0,0,0,0,0,259,1,1,0,0,0,0,0,1,0,0,0,0,0,0
268,GC14,HARBOUR G/E HIGH COOLANT TEMP.,XA,,2,0,9,5572,259,0,4,0,0,0,0,0,0,0,0,259,1,1,0,0,0,0,0,1,0,0,0,0,0,0
269,GC15,HARBOUR G/E HIGH COOLANT TEMP. SHUTDOWN,SHA,,2,0,9,5573,259,0,4,0,0,0,0,0,0,0,0,259,1,1,0,0,0,0,0,1,0,0,0,0,0,0
270,GC16,HARBOUR G/E OIL PRESS.,IND,BAR,4,0,9,5574,259,0,4,0,8.9,0,0,0,0,0,0,257,1,0,0,0,0,0,0,1,0,0,0,0,0,0
271,GC17,HARBOUR G/E COOLANT TEMP.,IND,━C,4,0,9,5575,259,0,4,-40,120,0,0,0,0,0,0,257,1,0,0,0,0,0,0,1,0,0,0,0,0,0
272,GC18,HARBOUR G/E SPEED,IND,rpm,4,0,9,5576,259,0,4,0,8032,0,0,0,0,0,0,257,1,0,0,0,0,0,0,1,0,0,0,0,0,0
273,ES01,MSBD COMMON ABNORMAL ,XA,,1,0,10,600,0,0,3,0,0,0,0,0,0,0,0,259,1,1,0,0,0,0,0,1,0,0,0,0,0,0
274,ES02,EM'CY GEN. COMMON ABNORMAL ,XA,,1,0,10,601,0,0,3,0,0,0,0,0,0,0,0,259,1,1,0,0,0,0,0,1,0,0,0,0,0,0
275,ES03,BATTERY CHARGER ABNORMAL,XA,,1,0,10,602,0,0,3,0,0,0,0,0,0,0,0,259,1,1,0,0,0,0,0,1,0,0,0,0,0,0
276,ES04,PMS ABNORMAL,XA,,1,0,10,603,0,0,3,0,0,0,0,0,0,0,0,259,1,1,0,0,0,0,0,1,0,0,0,0,0,0
277,ES05,ESBD ABNORMAL,XA,,1,0,10,604,0,0,3,0,0,0,0,0,0,0,0,259,1,1,0,0,0,0,0,1,0,0,0,0,0,0
279,ES11,PUBLIC ADDRESSOR SYSTEM FAILURE,XA,,1,0,10,606,0,0,3,0,0,0,0,0,0,0,0,259,1,1,0,0,0,0,0,1,0,0,0,0,0,0
280,ES12,FIRE POWER FAILURE,XA,,1,0,10,608,0,0,6,0,0,0,0,0,0,0,0,259,1,1,0,0,0,0,0,1,0,0,0,0,0,0
281,ES13,FIRE ALARM SIGNAL,XA,,1,0,10,608,0,0,6,0,0,0,0,0,0,0,0,259,1,1,0,0,0,0,0,1,0,0,0,0,0,0
282,ES14,FIRE SYSTEM FAULT,XA,,1,0,10,609,0,0,6,0,0,0,0,0,0,0,0,259,1,1,0,0,0,0,0,1,0,0,0,0,0,0
284,ES16,BCC MAIN SOURCE FAILURE,XA,,1,0,10,700,0,0,3,0,0,0,0,0,0,0,0,259,1,1,0,0,0,0,0,1,0,0,0,0,0,0
285,ES17,BCC EM'CY SOURCE FAILURE,XA,,1,0,10,701,0,0,3,0,0,0,0,0,0,0,0,259,1,1,0,0,0,0,0,1,0,0,0,0,0,0
286,ES18,BCC DC SOURCE FAILURE,XA,,1,0,10,702,0,0,3,0,0,0,0,0,0,0,0,259,1,1,0,0,0,0,0,1,0,0,0,0,0,0
287,ES19,ECC MAIN SOURCE FAILURE,XA,,1,0,10,703,0,0,3,0,0,0,0,0,0,0,0,259,1,1,0,0,0,0,0,1,0,0,0,0,0,0
288,ES20,ECC EM'CY SOURCE FAILURE,XA,,1,0,10,704,0,0,3,0,0,0,0,0,0,0,0,259,1,1,0,0,0,0,0,1,0,0,0,0,0,0
289,ES21,ECC DC SOURCE FAILURE,XA,,1,0,10,705,0,0,3,0,0,0,0,0,0,0,0,259,1,1,0,0,0,0,0,1,0,0,0,0,0,0
338,ES66,NO.1 GEN. AUTO SYNCHRONIZING FAILURE,DI,,2,0,10,9746,0,0,5,0,0,0,0,0,0,0,0,259,1,1,0,0,0,0,0,1,0,0,0,0,0,0
339,ES67,NO.2 GEN. AUTO SYNCHRONIZING FAILURE,DI,,2,0,10,9747,0,0,5,0,0,0,0,0,0,0,0,259,1,1,0,0,0,0,0,1,0,0,0,0,0,0
340,ES68,NO.3 GEN. AUTO SYNCHRONIZING FAILURE,DI,,2,0,10,9748,0,0,5,0,0,0,0,0,0,0,0,259,1,1,0,0,0,0,0,1,0,0,0,0,0,0
341,ES69,NO.1 GEN. ACB ABNORMAL TRIP,DI,,2,0,10,9749,0,0,5,0,0,0,0,0,0,0,0,259,1,1,0,0,0,0,0,1,0,0,0,0,0,0
342,ES70,NO.2 GEN. ACB ABNORMAL TRIP,DI,,2,0,10,9750,0,0,5,0,0,0,0,0,0,0,0,259,1,1,0,0,0,0,0,1,0,0,0,0,0,0
343,ES71,NO.3 GEN. ACB ABNORMAL TRIP,DI,,2,0,10,9751,0,0,5,0,0,0,0,0,0,0,0,259,1,1,0,0,0,0,0,1,0,0,0,0,0,0
344,ES72,NO.1 GEN. ACB NON CLOSE,DI,,2,0,10,9752,0,0,5,0,0,0,0,0,0,0,0,259,1,1,0,0,0,0,0,1,0,0,0,0,0,0
345,ES73,NO.2 GEN. ACB NON CLOSE,DI,,2,0,10,9753,0,0,5,0,0,0,0,0,0,0,0,259,1,1,0,0,0,0,0,1,0,0,0,0,0,0
346,ES74,NO.3 GEN. ACB NON CLOSE,DI,,2,0,10,9754,0,0,5,0,0,0,0,0,0,0,0,259,1,1,0,0,0,0,0,1,0,0,0,0,0,0
361,MP05,OILY WATER SEPARATOR ABNORMAL ,XA,,1,0,12,800,0,0,3,0,0,0,0,0,0,0,0,259,1,1,0,0,0,0,0,1,0,0,0,0,0,0
362,MP06,OILY WATER SEPARATOR OIL CONTENT HIGH ,OAH,,1,0,12,801,0,0,3,0,0,0,0,0,0,0,0,259,1,1,0,0,0,0,0,1,0,0,0,0,0,0
363,MP13,ICCP & MGPS COMMON ABNORMAL,XA,,1,0,12,802,0,0,3,0,0,0,0,0,0,0,0,259,1,1,0,0,0,0,0,1,0,0,0,0,0,0
364,MP15,CTRL. AIR DRYER RUNNING,XA,,1,0,12,803,0,0,3,0,0,0,0,0,0,0,0,259,1,1,0,0,0,0,0,1,0,0,0,0,0,0
365,MP17,EM'CY FIRE PP ABNORMAL,XA,,1,0,12,804,0,0,3,0,0,0,0,0,0,0,0,259,1,1,0,0,0,0,0,1,0,0,0,0,0,0
366,MP18,EM'CY FIRE PP RUNNING,XI,,1,0,12,805,0,0,3,0,0,0,0,0,0,0,0,257,1,0,0,0,0,0,0,1,0,0,0,0,0,0
372,MP27,BOW THRUSTER ABNORMAL,XA,,1,0,12,900,0,0,3,0,0,0,0,0,0,0,0,259,1,1,0,0,0,0,0,1,0,0,0,0,0,0
373,MP29,S.T. W/VACUUMARATOR RUNNING,XI,,1,0,12,901,0,0,3,0,0,0,0,0,0,0,0,257,1,0,0,0,0,0,0,1,0,0,0,0,0,0
374,MP30,S.T. W/VACUUMARATOR ABNORMAL,XA,,1,0,12,902,0,0,3,0,0,0,0,0,0,0,0,259,1,1,0,0,0,0,0,1,0,0,0,0,0,0
375,MP31,PROVISION CRANE H.P.U. RUN,XI,,1,0,12,903,0,0,3,0,0,0,0,0,0,0,0,257,1,0,0,0,0,0,0,1,0,0,0,0,0,0
376,MP32,PROVISION CRANE COMMON ABNORMAL,XA,,1,0,12,904,0,0,3,0,0,0,0,0,0,0,0,259,1,1,0,0,0,0,0,1,0,0,0,0,0,0
377,MP35,HOT WATER CALORIFIER ABNORMAL,XA,,1,0,12,905,0,0,3,0,0,0,0,0,0,0,0,259,1,1,0,0,0,0,0,1,0,0,0,0,0,0
378,MP36,NO.1 MOORING WINCH H.P.U PP RUN,XI,,1,0,12,909,0,0,3,0,0,0,0,0,0,0,0,257,1,0,0,0,0,0,0,1,0,0,0,0,0,0
379,MP37,NO.2 MOORING WINCH H.P.U PP RUN,XI,,1,0,12,910,0,0,3,0,0,0,0,0,0,0,0,257,1,0,0,0,0,0,0,1,0,0,0,0,0,0
380,MP38,MOORING WINCH H.P.U ABNORMAL,XA,,1,0,12,911,0,0,3,0,0,0,0,0,0,0,0,259,1,1,0,0,0,0,0,1,0,0,0,0,0,0
381,MP39,NO.1 WINDLASS H.P.U. PP RUN,XI,,1,0,12,906,0,0,3,0,0,0,0,0,0,0,0,257,1,0,0,0,0,0,0,1,0,0,0,0,0,0
382,MP40,NO.2 WINDLASS H.P.U. PP RUN,XI,,1,0,12,907,0,0,3,0,0,0,0,0,0,0,0,257,1,0,0,0,0,0,0,1,0,0,0,0,0,0
383,MP41,WINDLASS H.P.U. ABNORMAL,XA,,1,0,12,908,0,0,3,0,0,0,0,0,0,0,0,259,1,1,0,0,0,0,0,1,0,0,0,0,0,0
384,MP45,NO.1 M/E J.F.W. PREHEATER RUNNING,XI,,1,0,12,1000,175,0,3,0,0,0,0,0,0,0,0,257,1,0,0,0,0,0,0,1,0,0,0,0,0,0
385,MP46,NO.1 M/E J.F.W. PREHEATER ABNORMAL,XA,,1,0,12,1001,175,0,3,0,0,0,0,0,0,0,0,259,1,1,0,0,0,0,0,1,0,0,0,0,0,0
386,MP47,NO.2 M/E J.F.W. PREHEATER RUNNING,XI,,1,0,12,1002,205,0,3,0,0,0,0,0,0,0,0,257,1,0,0,0,0,0,0,1,0,0,0,0,0,0
387,MP48,NO.2 M/E J.F.W. PREHEATER ABNORMAL,XA,,1,0,12,1003,205,0,3,0,0,0,0,0,0,0,0,259,1,1,0,0,0,0,0,1,0,0,0,0,0,0
390,MP51,NO.1 F.W HYD. PP ABNORMAL,XA,,1,0,12,1012,0,0,3,0,0,0,0,0,0,0,0,259,1,1,0,0,0,0,0,1,0,0,0,0,0,0
391,MP52,NO.2 F.W HYD. PP ABNORMAL,XA,,1,0,12,1013,0,0,3,0,0,0,0,0,0,0,0,259,1,1,0,0,0,0,0,1,0,0,0,0,0,0
392,MP53,NO.1 S.W. HYD. PP ABNORMAL,XA,,1,0,12,1014,0,0,3,0,0,0,0,0,0,0,0,259,1,1,0,0,0,0,0,1,0,0,0,0,0,0
393,MP54,NO.2 S.W. HYD. PP ABNORMAL,XA,,1,0,12,1015,0,0,3,0,0,0,0,0,0,0,0,259,1,1,0,0,0,0,0,1,0,0,0,0,0,0
394,MP55,NO.1 CIR. PP FOR CALORIFIER ABNORMAL,XA,,1,0,12,1300,0,0,3,0,0,0,0,0,0,0,0,259,1,1,0,0,0,0,0,1,0,0,0,0,0,0
395,MP56,NO.2 CIR. PP FOR CALORIFIER ABNORMAL,XA,,1,0,12,1301,0,0,3,0,0,0,0,0,0,0,0,259,1,1,0,0,0,0,0,1,0,0,0,0,0,0
396,MW47,NO.1 AIRCON. C.S.W. PP ABNORMAL,XA,,1,0,12,1302,0,0,3,0,0,0,0,0,0,0,0,259,1,1,0,0,0,0,0,1,0,0,0,0,0,0
397,MW48,NO.2 AIRCON. C.S.W. PP ABNORMAL,XA,,1,0,12,1303,0,0,3,0,0,0,0,0,0,0,0,259,1,1,0,0,0,0,0,1,0,0,0,0,0,0
398,MP62,WORKBOAT DAVIT H.P.U ABNORMAL(STBD),XA,,1,0,12,1304,0,0,3,0,0,0,0,0,0,0,0,259,1,1,0,0,0,0,0,1,0,0,0,0,0,0
399,MP63,WORKBOAT DAVIT H.P.U ABNORMAL(PORT),XA,,1,0,12,1305,0,0,3,0,0,0,0,0,0,0,0,259,1,1,0,0,0,0,0,1,0,0,0,0,0,0
402,MP76,L.O PURIFIER HEATER RUN,XA,,1,0,12,1308,0,0,3,0,0,0,0,0,0,0,0,257,1,0,0,0,0,0,0,1,0,0,0,0,0,0
403,MP77,L.O PURIFIER HEATER ABNORMAL,XA,,1,0,12,1309,0,0,3,0,0,0,0,0,0,0,0,259,1,1,0,0,0,0,0,1,0,0,0,0,0,0
404,MP78,VACUUMARATOR ABNORMAL,XA,,1,0,12,1310,0,0,3,0,0,0,0,0,0,0,0,259,1,1,0,0,0,0,0,1,0,0,0,0,0,0
405,MA12,NO.1 MAIN AIR RESERVOIR PRESS. LOW,PAL,,1,0,12,1311,0,0,3,0,0,0,0,0,0,0,0,259,1,1,0,0,0,0,0,1,0,0,0,0,0,0
406,MA13,NO.2 MAIN AIR RESERVOIR PRESS. LOW,PAL,,1,0,12,1312,0,0,3,0,0,0,0,0,0,0,0,259,1,1,0,0,0,0,0,1,0,0,0,0,0,0
407,MP83,AIR BOTTLE FOR Q/C VALVE. PRESS. LOW,PAL,,1,0,12,1313,0,0,3,0,0,0,0,0,0,0,0,259,1,1,0,0,0,0,0,1,0,0,0,0,0,0
412,MP84,FIRE MONITOR CLUTCH OIL LOW PRESS,PIAL,,1,0,12,1400,0,0,3,0,0,20,0,0,0,0,0,275,1,1,0,0,1,0,0,1,0,0,0,0,0,0
413,MP85,FIRE MONITOR SYSTEM OIL LOW PRESS,PIAL,,1,0,12,1401,0,0,3,0,0,5,0,0,0,0,0,275,1,1,0,0,1,0,0,1,0,0,0,0,0,0
414,MP86,FIRE MONITOR SYSTEM OIL HIGH TEMP,TIAH,,1,0,12,1402,0,0,3,0,0,0,0,0,0,0,0,291,1,1,0,0,0,1,0,1,0,0,0,0,0,0
416,MP88,FIRE MONITOR MONITOR ABNORMAL,XA,,1,0,12,1404,0,0,3,0,0,0,0,0,0,0,0,259,1,1,0,0,0,0,0,1,0,0,0,0,0,0
417,MP89,FIRE MONITOR COMMON ALARM,XA,,1,0,12,1405,0,0,3,0,0,0,0,0,0,0,0,259,1,1,0,0,0,0,0,1,0,0,0,0,0,0
422,TK01,NO.1 M.D.O. TANK(P),LIAH,mm,3,26,13,327,0,0,5,20,2200,0,0,0,0,15,0,257,1,0,0,0,0,0,0,1,0,0,0,0,0,0
423,TK02,NO.1 M.D.O. TANK(S),LIAH,mm,3,26,13,326,0,0,5,20,2200,0,0,0,0,15,0,257,1,0,0,0,0,0,0,1,0,0,0,0,0,0
424,TK03,NO.2 M.D.O. TANK(P),LIAH,mm,3,26,13,331,0,0,5,20,2200,0,0,0,0,15,0,257,1,0,0,0,0,0,0,1,0,0,0,0,0,0
425,TK04,NO.2 M.D.O. TANK(S),LIAH,mm,3,26,13,330,0,0,5,20,2200,0,0,0,0,15,0,257,1,0,0,0,0,0,0,1,0,0,0,0,0,0
426,TK05,NO.3 M.D.O. TANK(P),LIAH,mm,3,26,13,333,0,0,5,20,1400,0,0,0,0,15,0,257,1,0,0,0,0,0,0,1,0,0,0,0,0,0
427,TK06,NO.3 M.D.O. TANK(S),LIAH,mm,3,26,13,332,0,0,5,20,1400,0,0,0,0,15,0,257,1,0,0,0,0,0,0,1,0,0,0,0,0,0
428,TK07,NO.4 M.D.O. TANK(P),LIAH,mm,3,26,13,335,0,0,5,20,2200,0,0,0,0,15,0,257,1,0,0,0,0,0,0,1,0,0,0,0,0,0
429,TK08,NO.4 M.D.O. TANK(S),LIAH,mm,3,26,13,334,0,0,5,20,2200,0,0,0,0,15,0,257,1,0,0,0,0,0,0,1,0,0,0,0,0,0
430,TK14,NO.5 M.D.O. TANK(P),LIAH,mm,3,26,13,337,0,0,5,10,2500,0,0,0,0,15,0,257,1,0,0,0,0,0,0,1,0,0,0,0,0,0
431,TK15,NO.5 M.D.O. TANK(S),LIAH,mm,3,26,13,336,0,0,5,15,2500,0,0,0,0,15,0,257,1,0,0,0,0,0,0,1,0,0,0,0,0,0
432,TK17,NO.1 WATER BALLAST TANK(C),LIAH,mm,3,26,13,340,0,0,5,20,5000,0,0,0,0,15,0,257,1,0,0,0,0,0,0,1,0,0,0,0,0,0
433,TK18,NO.2 WATER BALLAST TANK(C),LIAH,mm,3,26,13,341,0,0,5,20,2200,0,0,0,0,15,0,257,1,0,0,0,0,0,0,1,0,0,0,0,0,0
434,TK19,NO.3 WATER BALLAST TANK(P),LIAH,mm,3,26,13,342,0,0,5,25,2200,0,0,0,0,15,0,257,1,0,0,0,0,0,0,1,0,0,0,0,0,0
435,TK20,NO.3 WATER BALLAST TANK(S),LIAH,mm,3,26,13,343,0,0,5,30,2200,0,0,0,0,15,0,257,1,0,0,0,0,0,0,1,0,0,0,0,0,0
436,TK21,NO.4 WATER BALLAST TANK(P),LIAH,mm,3,26,13,345,0,0,5,218,4500,0,0,0,0,15,0,257,1,0,0,0,0,0,0,1,0,0,0,0,0,0
437,TK22,NO.4 WATER BALLAST TANK(S),LIAH,mm,3,26,13,344,0,0,5,218,4500,0,0,0,0,15,0,257,1,0,0,0,0,0,0,1,0,0,0,0,0,0
438,TK23,NO.5 WATER BALLAST TANK(P),LIAH,mm,3,26,13,346,0,0,5,20,1400,0,0,0,0,15,0,257,1,0,0,0,0,0,0,1,0,0,0,0,0,0
439,TK24,NO.5 WATER BALLAST TANK(S),LIAH,mm,3,26,13,347,0,0,5,20,1400,0,0,0,0,15,0,257,1,0,0,0,0,0,0,1,0,0,0,0,0,0
440,TK25,NO.1 FRESH WATER TANK (P),LI,mm,3,26,13,350,0,0,5,20,2000,0,0,0,0,15,0,257,1,0,0,0,0,0,0,1,0,0,0,0,0,0
441,TK26,NO.1 FRESH WATER TANK (S),LI,mm,3,26,13,351,0,0,5,20,2000,0,0,0,0,15,0,257,1,0,0,0,0,0,0,1,0,0,0,0,0,0
442,TK27,NO.2 FRESH WATER TANK (P),LI,mm,3,26,13,352,0,0,5,20,2200,0,0,0,0,15,0,257,1,0,0,0,0,0,0,1,0,0,0,0,0,0
443,TK28,NO.2 FRESH WATER.TANK (S),LI,mm,3,26,13,353,0,0,5,20,2200,0,0,0,0,15,0,257,1,0,0,0,0,0,0,1,0,0,0,0,0,0
445,TK36,L.O DRAIN TANK HIGH LV,LAH,,1,0,13,1407,0,0,5,0,0,0,0,0,0,0,0,259,1,1,0,0,0,0,0,1,0,0,0,0,0,0
446,TK37,SLUDGE TANK HIGH LV,LAH,,1,0,13,1408,0,0,5,0,0,0,0,0,0,0,0,259,1,1,0,0,0,0,0,1,0,0,0,0,0,0
447,TK38,BILGE HOLDING TANK HIGH LV,LAH,,1,0,13,1409,0,0,5,0,0,0,0,0,0,0,0,259,1,1,0,0,0,0,0,1,0,0,0,0,0,0
448,TK39,M.D.O OVERFLOW TANK HIGH LV,LAH,,1,0,13,1410,0,0,5,0,0,0,0,0,0,0,0,259,1,1,0,0,0,0,0,1,0,0,0,0,0,0
449,TK40,M.D.O DRAIN TANK HIGH LV,LAH,,1,0,13,1411,0,0,5,0,0,0,0,0,0,0,0,259,1,1,0,0,0,0,0,1,0,0,0,0,0,0
450,TK53,LT FW EXP. TANK LOW,LAL,,1,0,13,1507,0,0,5,0,0,0,0,0,0,0,0,259,1,1,0,0,0,0,0,1,0,0,0,0,0,0
451,TK54,HT FW WXP. TANK LOW,LAL,,1,0,13,1508,0,0,5,0,0,0,0,0,0,0,0,259,1,1,0,0,0,0,0,1,0,0,0,0,0,0
452,TK55,EMC'Y GEN F.O TANK LOW,LAL,,1,0,13,1509,0,0,5,0,0,0,0,0,0,0,0,259,1,1,0,0,0,0,0,1,0,0,0,0,0,0
453,TK45,NO.2 M.D.O SERV. TANK(P) HIGH LV,LAH,,1,0,13,1415,0,0,5,0,0,0,0,0,0,0,0,259,1,1,0,0,0,0,0,1,0,0,0,0,0,0
454,TK46,NO.2 M.D.O SERV. TANK(P) LOW LV,LAL,,1,0,13,1500,0,0,5,0,0,0,0,0,0,0,0,259,1,1,0,0,0,0,0,1,0,0,0,0,0,0
455,TK47,NO.1 M.D.O SERV. TANK(S) HIGH LV,LAH,,1,0,13,1501,0,0,5,0,0,0,0,0,0,0,0,259,1,1,0,0,0,0,0,1,0,0,0,0,0,0
456,TK48,NO.1 M.D.O SERV. TANK(S) LOW LV,LAL,,1,0,13,1502,0,0,5,0,0,0,0,0,0,0,0,259,1,1,0,0,0,0,0,1,0,0,0,0,0,0
457,TK49,M.D.O SETTLING TANK LOW LV,LAL,,1,0,13,1503,0,0,5,0,0,0,0,0,0,0,0,259,1,1,0,0,0,0,0,1,0,0,0,0,0,0
458,TK50,M.D.O SETTLING TANK HIGH LV,LAH,,1,0,13,1504,0,0,5,0,0,0,0,0,0,0,0,259,1,1,0,0,0,0,0,1,0,0,0,0,0,0
459,TK56,L.O PURIFIER TANK HIGH,LAH,,1,0,13,1510,0,0,5,0,0,0,0,0,0,0,0,259,1,1,0,0,0,0,0,1,0,0,0,0,0,0
460,TK57,F.O PURIFIER TANK HIGH,LAH,,1,0,13,1511,0,0,5,0,0,0,0,0,0,0,0,259,1,1,0,0,0,0,0,1,0,0,0,0,0,0
461,BS01,E/R FWD PORT BILGE WELL HIGH LV ,LAH,,1,0,14,1600,0,0,5,0,0,0,0,0,0,10,0,259,1,1,0,0,0,0,0,1,0,0,0,0,0,0
462,BS02,E/R FWD STBD BILGE WELL HIGH LV ,LAH,,1,0,14,1601,0,0,5,0,0,0,0,0,0,10,0,259,1,1,0,0,0,0,0,1,0,0,0,0,0,0
463,BS03,E/R AFT(C) HIGH LV ,LAH,,1,0,14,1602,0,0,5,0,0,0,0,0,0,10,0,259,1,1,0,0,0,0,0,1,0,0,0,0,0,0
464,BS04,E/R AFT PORT BILGE WELL HIGH LV ,LAH,,1,0,14,1603,0,0,5,0,0,0,0,0,0,10,0,259,1,1,0,0,0,0,0,1,0,0,0,0,0,0
465,BS05,E/R AFT STBD BILGE WELL HIGH LV ,LAH,,1,0,14,1604,0,0,5,0,0,0,0,0,0,10,0,259,1,1,0,0,0,0,0,1,0,0,0,0,0,0
468,BS08,BOW ROOM BILGE WELL HIGH LV,LAH,,1,0,14,1607,0,0,5,0,0,0,0,0,0,10,0,259,1,1,0,0,0,0,0,1,0,0,0,0,0,0
469,BS09,BOSUN STORE BILGE WELL HIGH LV,LAH,,1,0,14,1608,0,0,5,0,0,0,0,0,0,10,0,259,1,1,0,0,0,0,0,1,0,0,0,0,0,0
470,BS10,S/G ROOM BILGE WELL HIGH LV,LAH,,1,0,14,1609,0,0,5,0,0,0,0,0,0,10,0,259,1,1,0,0,0,0,0,1,0,0,0,0,0,0
471,SY01,MAIN WSPC FAULT,XA,,8,0,17,0,0,0,5,0,0,0,0,0,0,0,0,257,1,0,0,0,0,0,0,1,0,0,0,0,0,0
472,SY02,SEC. WSPC FAULT,XA,,8,0,17,0,0,0,5,0,0,0,0,0,0,0,0,257,1,0,0,0,0,0,0,1,0,0,0,0,0,0
473,SY03,BRIDGE WSPC FAULT,XA,,8,0,17,0,0,0,5,0,0,0,0,0,0,0,0,257,1,0,0,0,0,0,0,1,0,0,0,0,0,0
474,SY04,MAIN MPU FAULT,XA,,8,0,17,0,0,0,5,0,0,0,0,0,0,0,0,257,1,0,0,0,0,0,0,1,0,0,0,0,0,0
475,SY05,MAIN MPU ENET #1 FAULT,XA,,8,0,17,0,0,0,5,0,0,0,0,0,0,0,0,257,1,0,0,0,0,0,0,1,0,0,0,0,0,0
476,SY06,MAIN MPU ENET #2 FAULT,XA,,8,0,17,0,0,0,5,0,0,0,0,0,0,0,0,257,1,0,0,0,0,0,0,1,0,0,0,0,0,0
477,SY07,SEC. MPU FAULT,XA,,8,0,17,0,0,0,5,0,0,0,0,0,0,0,0,257,1,0,0,0,0,0,0,1,0,0,0,0,0,0
478,SY08,SEC. MPU ENET #1 FAULT,XA,,8,0,17,0,0,0,5,0,0,0,0,0,0,0,0,257,1,0,0,0,0,0,0,1,0,0,0,0,0,0
479,SY09,SEC. MPU ENET #2 FAULT,XA,,8,0,17,0,0,0,5,0,0,0,0,0,0,0,0,257,1,0,0,0,0,0,0,1,0,0,0,0,0,0
480,SY10,IOU FAULT,XA,,8,0,17,0,0,0,5,0,0,0,0,0,0,0,0,257,1,0,0,0,0,0,0,1,0,0,0,0,0,0
481,SY11,IOU ENET #1 FAULT,XA,,8,0,17,0,0,0,5,0,0,0,0,0,0,0,0,257,1,0,0,0,0,0,0,1,0,0,0,0,0,0
482,SY12,IOU ENET #2 FAULT,XA,,8,0,17,0,0,0,5,0,0,0,0,0,0,0,0,257,1,0,0,0,0,0,0,1,0,0,0,0,0,0
483,SY16,ComPU RUN FAULT,XA,,8,0,17,0,0,0,5,0,0,0,0,0,0,0,0,257,1,0,0,0,0,0,0,1,0,0,0,0,0,0
484,SY17,ComPU ENET #1 FAULT,XA,,8,0,17,0,0,0,5,0,0,0,0,0,0,0,0,257,1,0,0,0,0,0,0,1,0,0,0,0,0,0
485,SY18,ComPU ENET #2 FAULT,XA,,8,0,17,0,0,0,5,0,0,0,0,0,0,0,0,257,1,0,0,0,0,0,0,1,0,0,0,0,0,0
486,SY19,NO.1 M/E COMM. FAULT,XA,,8,0,17,0,0,0,5,0,0,0,0,0,0,0,0,257,1,0,0,0,0,0,0,1,0,0,0,0,0,0
487,SY20,NO.2 M/E COMM. FAULT,XA,,8,0,17,0,0,0,5,0,0,0,0,0,0,0,0,257,1,0,0,0,0,0,0,1,0,0,0,0,0,0
488,SY21,NO.1 G/E COMM. FAULT,XA,,8,0,17,0,0,0,5,0,0,0,0,0,0,0,0,257,1,0,0,0,0,0,0,1,0,0,0,0,0,0
489,SY22,NO.2 G/E COMM. FAULT,XA,,8,0,17,0,0,0,5,0,0,0,0,0,0,0,0,257,1,0,0,0,0,0,0,1,0,0,0,0,0,0
490,SY23,HARBOR G/E COMM. FAULT,XA,,8,0,17,0,0,0,5,0,0,0,0,0,0,0,0,257,1,0,0,0,0,0,0,1,0,0,0,0,0,0
491,SY24,UPS COMM. FAULT,XA,,8,0,17,0,0,0,5,0,0,0,0,0,0,0,0,257,1,0,0,0,0,0,0,1,0,0,0,0,0,0
494,SY27,PMS COMM. FAULT,XA,,8,0,17,0,0,0,5,0,0,0,0,0,0,0,0,257,1,0,0,0,0,0,0,1,0,0,0,0,0,0
495,SY30,W/H EAU UNIT FAULT,XA,,8,0,17,0,0,0,5,0,0,0,0,0,0,0,0,257,1,0,0,0,0,0,0,1,0,0,0,0,0,0
496,SY31,C/E EAU UNIT FAULT,XA,,8,0,17,0,0,0,5,0,0,0,0,0,0,0,0,257,1,0,0,0,0,0,0,1,0,0,0,0,0,0
497,SY32,1/E EAU UNIT FAULT,XA,,8,0,17,0,0,0,5,0,0,0,0,0,0,0,0,257,1,0,0,0,0,0,0,1,0,0,0,0,0,0
498,SY33,2/E EAU  UNIT FAULT,XA,,8,0,17,0,0,0,5,0,0,0,0,0,0,0,0,257,1,0,0,0,0,0,0,1,0,0,0,0,0,0
499,SY34,3/E EAU  UNIT FAULT,XA,,8,0,17,0,0,0,5,0,0,0,0,0,0,0,0,257,1,0,0,0,0,0,0,1,0,0,0,0,0,0
500,SY35,MESS EAU UNIT FAULT,XA,,8,0,17,0,0,0,5,0,0,0,0,0,0,0,0,257,1,0,0,0,0,0,0,1,0,0,0,0,0,0
501,SY40,UPS POWER FAIL,XA,,8,0,17,6601,0,0,5,0,0,0,0,0,0,0,0,257,1,0,0,0,0,0,0,1,0,0,0,0,0,0
502,SY41,UPS BACKUP TIME,LIAL,min,4,0,17,6602,0,0,5,0,100,0,0,0,0,0,0,257,1,0,0,0,0,0,0,1,0,0,0,0,0,0
503,SY42,UPS CHARGING LV,LIAL,%,4,0,17,6603,0,0,5,0,100,0,0,0,0,0,0,257,1,0,0,0,0,0,0,1,0,0,0,0,0,0
504,PP01_ABN,NO.1 M.D.O TRANS. PP ABNORMAL,XC,,1,0,15,1802,0,0,5,0,0,0,0,0,0,0,0,257,1,0,0,0,0,0,0,1,0,0,0,0,0,0
507,PP02_ABN,L.O PURIFIER FEED PP ABNORMAL,XC,,1,0,15,1807,0,0,5,0,0,0,0,0,0,0,0,257,1,0,0,0,0,0,0,1,0,0,0,0,0,0
508,PP03_ABN,NO.3 M.D.O TRANS. PP ABNORMAL,XC,,1,0,15,1810,0,0,5,0,0,0,0,0,0,0,0,257,1,0,0,0,0,0,0,1,0,0,0,0,0,0
511,PP04_ABN,G/S. FIRE & BALLAST PP ABNORMAL,XC,,1,0,15,1815,0,0,5,0,0,0,0,0,0,0,0,257,1,0,0,0,0,0,0,1,0,0,0,0,0,0
514,PP05_ABN,NO.1 E/R VENT. FAN ABNORMAL,XC,,1,0,15,1902,0,0,5,0,0,0,0,0,0,0,0,257,1,0,0,0,0,0,0,1,0,0,0,0,0,0
515,PP06_ABN,SLUDGE PP ABNORMAL,XC,,1,0,15,1903,0,0,5,0,0,0,0,0,0,0,0,257,1,0,0,0,0,0,0,1,0,0,0,0,0,0
516,PP07_ABN,L.O TRANS. PP ABNORMAL,XC,,1,0,15,2002,0,0,5,0,0,0,0,0,0,0,0,257,1,0,0,0,0,0,0,1,0,0,0,0,0,0
517,PP08_ABN,NO.2 M.D.O TRANS. PP ABNORMAL,XC,,1,0,15,2008,0,0,5,0,0,0,0,0,0,0,0,257,1,0,0,0,0,0,0,1,0,0,0,0,0,0
518,PP09_ABN,FIRE. BILGE & BALLAST PP ABNORMAL,XC,,1,0,15,2011,0,0,5,0,0,0,0,0,0,0,0,257,1,0,0,0,0,0,0,1,0,0,0,0,0,0
521,PP10_ABN,NO.2 E/R VENT. FAN ABNORMAL,XC,,1,0,15,2014,0,0,5,0,0,0,0,0,0,0,0,257,1,0,0,0,0,0,0,1,0,0,0,0,0,0
522,PP11_ABN,E.C.R. FAN ABNORMAL,XC,,1,0,15,2015,0,0,5,0,0,0,0,0,0,0,0,257,1,0,0,0,0,0,0,1,0,0,0,0,0,0
524,PP21,NO.1 M/E START ORDER H.T. C.W. PREHEATING UNIT,XC,,2,0,15,1255,0,0,5,0,0,0,0,0,0,15,0,259,1,1,0,0,0,0,0,1,0,0,0,0,0,0
526,PP23,NO.1 M/E POST-COOLING IS ACTIVE,XI,,2,0,15,1257,0,0,5,0,0,0,0,0,0,15,0,259,1,1,0,0,0,0,0,1,0,0,0,0,0,0
534,PP31,NO.1 M/E L.O. ST'BY PP ABNORMAL,XA,,2,0,15,1266,0,0,5,0,0,0,0,0,0,0,0,259,1,1,0,0,0,0,0,1,0,0,0,0,0,0
535,PP32,NO.2 M/E H.T. C.W. ST'BY PP ABNORMAL,XA,,2,0,15,1267,0,0,5,0,0,0,0,0,0,0,0,259,1,1,0,0,0,0,0,1,0,0,0,0,0,0
536,PP33,NO.1 M/E L.T. C.W. ST'BY PP ABNORMAL,XA,,2,0,15,1268,0,0,5,0,0,0,0,0,0,0,0,259,1,1,0,0,0,0,0,1,0,0,0,0,0,0
537,PP34,NO.1 M/E F.O. ST'BY PP ABNORMAL,XA,,2,0,15,1269,0,0,5,0,0,0,0,0,0,0,0,259,1,1,0,0,0,0,0,1,0,0,0,0,0,0
538,PP35,NO.1 M/E G/B L.O. ST'BY PP ABNORMAL,XA,,2,0,15,1270,0,0,5,0,0,0,0,0,0,0,0,259,1,1,0,0,0,0,0,1,0,0,0,0,0,0
539,PP36,NO.1 M/E S.W. MAIN PP ABNORMAL,XA,,2,0,15,1271,0,0,5,0,0,0,0,0,0,0,0,259,1,1,0,0,0,0,0,1,0,0,0,0,0,0
540,PP37,NO.2 M/E S.W. ST'BY PP ABNORMAL,XA,,2,0,15,1272,0,0,5,0,0,0,0,0,0,0,0,259,1,1,0,0,0,0,0,1,0,0,0,0,0,0
541,PP38,NO.1 M/E A.C. MAIN PP ABNORMAL,XA,,2,0,15,1273,0,0,5,0,0,0,0,0,0,0,0,259,1,1,0,0,0,0,0,1,0,0,0,0,0,0
542,PP39,NO.2 M/E A.C. ST'BY PP ABNORMAL,XA,,2,0,15,1274,0,0,5,0,0,0,0,0,0,0,0,259,1,1,0,0,0,0,0,1,0,0,0,0,0,0
544,PP41,NO.2 M/E START ORDER H.T. C.W. PREHEATING UNIT,XA,,2,0,15,2455,0,0,5,0,0,0,0,0,0,0,0,259,1,1,0,0,0,0,0,1,0,0,0,0,0,0
546,PP43,NO.2 M/E POST-COOLING IS ACTIVE,XA,,2,0,15,2457,0,0,5,0,0,0,0,0,0,0,0,259,1,1,0,0,0,0,0,1,0,0,0,0,0,0
550,PP47,NO.2 M/E L.O. ST'BY PP ABNORMAL,XA,,2,0,15,2462,0,0,5,0,0,0,0,0,0,0,0,259,1,1,0,0,0,0,0,1,0,0,0,0,0,0
551,PP48,NO.2 M/E F.O. ST'BY PP ABNORMAL,XA,,2,0,15,2463,0,0,5,0,0,0,0,0,0,0,0,259,1,1,0,0,0,0,0,1,0,0,0,0,0,0
552,PP49,NO.2 M/E G/B L.O. ST'BY PP ABNORMAL,XA,,2,0,15,2464,0,0,5,0,0,0,0,0,0,0,0,259,1,1,0,0,0,0,0,1,0,0,0,0,0,0
576,BS13,NO.1 STORE(GYMNASIUM),XA,,1,0,14,1611,0,0,5,0,0,0,0,0,0,0,0,259,1,1,0,0,0,0,0,1,0,0,0,0,0,0
577,BS14,NO.3 STORE(P),XA,,1,0,14,1613,0,0,5,0,0,0,0,0,0,0,0,259,1,1,0,0,0,0,0,1,0,0,0,0,0,0
578,BS15,NO.3 STORE(S),XA,,1,0,14,1614,0,0,5,0,0,0,0,0,0,0,0,259,1,1,0,0,0,0,0,1,0,0,0,0,0,0
579,BS11,ECHO SOUND & SPEED LOG TANK,XA,,1,0,14,1610,0,0,5,0,0,0,0,0,0,0,0,259,1,1,0,0,0,0,0,1,0,0,0,0,0,0
581,MP07,LO PURIFIER RUNNING,XI,,1,0,12,811,0,0,5,0,0,0,0,0,0,0,0,259,1,1,0,0,0,0,0,1,0,0,0,0,0,0
582,MP08,LO PURIFIER ABNORMAL,XA,,1,0,12,812,0,0,5,0,0,0,0,0,0,0,0,259,1,1,0,0,0,0,0,1,0,0,0,0,0,0
583,MP09,MGPS ABNORMAL,XA,,1,0,12,813,0,0,5,0,0,0,0,0,0,0,0,259,1,1,0,0,0,0,0,1,0,0,0,0,0,0
584,ES25,M.D.O PURIFIER RUNNING,XI,,1,0,10,711,0,0,5,0,0,0,0,0,0,0,0,259,1,1,0,0,0,0,0,1,0,0,0,0,0,0
585,ES26,M.D.O PURIFIER ABNORMAL,XA,,1,0,10,712,0,0,5,0,0,0,0,0,0,0,0,259,1,1,0,0,0,0,0,1,0,0,0,0,0,0
586,ES27,A.R.T. RUNNING,XI,,1,0,13,713,0,0,5,0,0,0,0,0,0,0,0,259,1,1,0,0,0,0,0,1,0,0,0,0,0,0
587,ES28,A.R.T. ABNORMAL,XA,,1,0,13,714,0,0,5,0,0,0,0,0,0,0,0,259,1,1,0,0,0,0,0,1,0,0,0,0,0,0
588,MP28,BOW THRUSTER RUNNING,XA,,1,0,12,912,0,0,5,0,0,0,0,0,0,0,0,259,1,1,0,0,0,0,0,1,0,0,0,0,0,0
589,ES06,NO.1 AIRCON. RUNNING,XI,,1,0,10,1006,0,0,5,0,0,0,0,0,0,0,0,259,1,1,0,0,0,0,0,1,0,0,0,0,0,0
590,ES07,NO.1 AIRCON ABNORMAL,XA,,1,0,10,1007,0,0,5,0,0,0,0,0,0,0,0,259,1,1,0,0,0,0,0,1,0,0,0,0,0,0
591,ES08,NO.2 AIRCON. RUNNING,XI,,1,0,10,1008,0,0,5,0,0,0,0,0,0,0,0,259,1,1,0,0,0,0,0,1,0,0,0,0,0,0
592,ES09,NO.2 AIRCON. ABNORMAL,XA,,1,0,10,1009,0,0,5,0,0,0,0,0,0,0,0,259,1,1,0,0,0,0,0,1,0,0,0,0,0,0
593,SY43,CABINET DOOR OPEN ALARM,XA,,1,0,17,2115,0,0,5,0,0,0,0,0,0,0,0,257,1,0,0,0,0,0,0,1,0,0,0,0,0,0
594,TK29,ANTI ROLLING TANK,LI,mm,3,26,13,354,0,0,5,20,4000,0,0,0,0,15,0,257,1,0,0,0,0,0,0,1,0,0,0,0,0,0
595,ME25,NO.1 M/E EXH. GAS TEMP. CYLINDER 1 MAX. VALUE EXCEEDED,TA,,2,0,4,1118,175,0,3,0,0,0,0,0,0,0,0,259,1,1,0,0,0,0,0,1,0,0,0,0,0,0
596,ME26,NO.1 M/E EXH. GAS TEMP. CYLINDER 2 MAX. VALUE EXCEEDED,TA,,2,0,4,1119,175,0,3,0,0,0,0,0,0,0,0,259,1,1,0,0,0,0,0,1,0,0,0,0,0,0
597,ME27,NO.1 M/E EXH. GAS TEMP. CYLINDER 3 MAX. VALUE EXCEEDED,TA,,2,0,4,1120,175,0,3,0,0,0,0,0,0,0,0,259,1,1,0,0,0,0,0,1,0,0,0,0,0,0
598,ME28,NO.1 M/E EXH. GAS TEMP. CYLINDER 4 MAX. VALUE EXCEEDED,TA,,2,0,4,1121,175,0,3,0,0,0,0,0,0,0,0,259,1,1,0,0,0,0,0,1,0,0,0,0,0,0
599,ME29,NO.1 M/E EXH. GAS TEMP. CYLINDER 5 MAX. VALUE EXCEEDED,TA,,2,0,4,1122,175,0,3,0,0,0,0,0,0,0,0,259,1,1,0,0,0,0,0,1,0,0,0,0,0,0
600,ME30,NO.1 M/E EXH. GAS TEMP. CYLINDER 6 MAX. VALUE EXCEEDED,TA,,2,0,4,1123,175,0,3,0,0,0,0,0,0,0,0,259,1,1,0,0,0,0,0,1,0,0,0,0,0,0
601,ME31,NO.1 M/E EXH. GAS TEMP. TC INLET MAX. VALUE EXCEEDED,TA,,2,0,4,1124,175,0,3,0,0,0,0,0,0,0,0,259,1,1,0,0,0,0,0,1,0,0,0,0,0,0
602,ME32,NO.1 M/E EXH. GAS TEMP. TC OUTLET MAX. VALUE EXCEEDED,TA,,2,0,4,1125,175,0,3,0,0,0,0,0,0,0,0,259,1,1,0,0,0,0,0,1,0,0,0,0,0,0
603,ME33,NO.1 M/E EXH. GAS TEMP. CYL. 1 DEVIATION ALARM,TDA,,2,0,4,1126,175,0,3,0,0,0,0,0,0,0,0,259,1,1,0,0,0,0,0,1,0,0,0,0,0,0
604,ME34,NO.1 M/E EXH. GAS TEMP. CYL. 2 DEVIATION ALARM,TDA,,2,0,4,1127,175,0,3,0,0,0,0,0,0,0,0,259,1,1,0,0,0,0,0,1,0,0,0,0,0,0
605,ME35,NO.1 M/E EXH. GAS TEMP. CYL. 3 DEVIATION ALARM,TDA,,2,0,4,1128,175,0,3,0,0,0,0,0,0,0,0,259,1,1,0,0,0,0,0,1,0,0,0,0,0,0
606,ME36,NO.1 M/E EXH. GAS TEMP. CYL. 4 DEVIATION ALARM,TDA,,2,0,4,1129,175,0,3,0,0,0,0,0,0,0,0,259,1,1,0,0,0,0,0,1,0,0,0,0,0,0
607,ME37,NO.1 M/E EXH. GAS TEMP. CYL. 5 DEVIATION ALARM,TDA,,2,0,4,1130,175,0,3,0,0,0,0,0,0,0,0,259,1,1,0,0,0,0,0,1,0,0,0,0,0,0
608,ME38,NO.1 M/E EXH. GAS TEMP. CYL. 6 DEVIATION ALARM,TDA,,2,0,4,1131,175,0,3,0,0,0,0,0,0,0,0,259,1,1,0,0,0,0,0,1,0,0,0,0,0,0
609,SD35,NO.1 M/E EXH. GAS TEMP. CYL. 1 MAX. VALUE EXCEEDED SD,TI,,2,0,16,1132,0,0,1,0,0,0,0,0,0,0,0,259,1,1,0,0,0,0,0,1,0,0,0,0,0,0
610,SD36,NO.1 M/E EXH. GAS TEMP. CYL. 2 MAX. VALUE EXCEEDED SD,TI,,2,0,16,1133,0,0,1,0,0,0,0,0,0,0,0,259,1,1,0,0,0,0,0,1,0,0,0,0,0,0
611,SD37,NO.1 M/E EXH. GAS TEMP. CYL. 3 MAX. VALUE EXCEEDED SD,TI,,2,0,16,1134,0,0,1,0,0,0,0,0,0,0,0,259,1,1,0,0,0,0,0,1,0,0,0,0,0,0
612,SD38,NO.1 M/E EXH. GAS TEMP. CYL. 4 MAX. VALUE EXCEEDED SD,TI,,2,0,16,1135,0,0,1,0,0,0,0,0,0,0,0,259,1,1,0,0,0,0,0,1,0,0,0,0,0,0
613,SD39,NO.1 M/E EXH. GAS TEMP. CYL. 5 MAX. VALUE EXCEEDED SD,TI,,2,0,16,1136,0,0,1,0,0,0,0,0,0,0,0,259,1,1,0,0,0,0,0,1,0,0,0,0,0,0
614,SD40,NO.1 M/E EXH. GAS TEMP. CYL. 6 MAX. VALUE EXCEEDED SD,TI,,2,0,16,1137,0,0,1,0,0,0,0,0,0,0,0,259,1,1,0,0,0,0,0,1,0,0,0,0,0,0
615,SD41,NO.1 M/E EXH. GAS TEMP. TC INLET MAX. VALUE EXCEEDED SD,TI,,2,0,16,1138,0,0,1,0,0,0,0,0,0,0,0,259,1,1,0,0,0,0,0,1,0,0,0,0,0,0
616,SD42,NO.1 M/E EXH. GAS TEMP. TC OUTLET MAX. VALUE EXCEEDED SD,TI,,2,0,16,1139,0,0,1,0,0,0,0,0,0,0,0,259,1,1,0,0,0,0,0,1,0,0,0,0,0,0
617,SD43,NO.1 M/E EXH. GAS TEMP. CYL. 1 MEAN VALUE DEVIATION SD,TI,,2,0,16,1140,0,0,1,0,0,0,0,0,0,0,0,259,1,1,0,0,0,0,0,1,0,0,0,0,0,0
618,SD44,NO.1 M/E EXH. GAS TEMP. CYL. 2 MEAN VALUE DEVIATION SD,TI,,2,0,16,1141,0,0,1,0,0,0,0,0,0,0,0,259,1,1,0,0,0,0,0,1,0,0,0,0,0,0
619,SD45,NO.1 M/E EXH. GAS TEMP. CYL. 3 MEAN VALUE DEVIATION SD,TI,,2,0,16,1142,0,0,1,0,0,0,0,0,0,0,0,259,1,1,0,0,0,0,0,1,0,0,0,0,0,0
620,SD46,NO.1 M/E EXH. GAS TEMP. CYL. 4 MEAN VALUE DEVIATION SD,TI,,2,0,16,1143,0,0,1,0,0,0,0,0,0,0,0,259,1,1,0,0,0,0,0,1,0,0,0,0,0,0
621,SD47,NO.1 M/E EXH. GAS TEMP. CYL. 5 MEAN VALUE DEVIATION SD,TI,,2,0,16,1144,0,0,1,0,0,0,0,0,0,0,0,259,1,1,0,0,0,0,0,1,0,0,0,0,0,0
622,SD48,NO.1 M/E EXH. GAS TEMP. CYL. 6 MEAN VALUE DEVIATION SD,TI,,2,0,16,1145,0,0,1,0,0,0,0,0,0,0,0,259,1,1,0,0,0,0,0,1,0,0,0,0,0,0
623,ML02B,NO.1 LUB. OIL PRESSURE ENGINE INLET,PI,BAR,4,0,1,1186,0,0,3,0,10,2.8,0,0,0,0,0,259,1,1,0,0,0,0,0,1,0,0,0,0,0,0
624,MW01B,NO.1 M/E HT C.W. PRESSURE ENGINE INLET,PI,BAR,4,0,3,1187,0,0,3,0,6,1.7,0,0,0,0,0,259,1,1,0,0,0,0,0,1,0,0,0,0,0,0
626,ML04B,NO.1 G/B CLUTCH OIL PRESSURE,PI,BAR,4,0,1,1189,0,0,3,0,40,17,0,0,0,0,0,259,1,1,0,0,0,0,0,1,0,0,0,0,0,0
627,MC100,NO.1 M/E INTERNAL COMMUNICATION ERROR,XA,,2,0,6,1800,0,0,3,0,0,0,0,0,0,0,0,259,1,1,0,0,0,0,0,1,0,0,0,0,0,0
628,MC101,NO.1 M/E SAFETY SYSTEM FAILURE,XA,,2,0,6,1801,0,0,3,0,0,0,0,0,0,0,0,259,1,1,0,0,0,0,0,1,0,0,0,0,0,0
629,MC102,NO.1 M/E SAFETY SYSTEM POWER FAILURE,XA,,2,0,6,1802,0,0,3,0,0,0,0,0,0,0,0,259,1,1,0,0,0,0,0,1,0,0,0,0,0,0
630,MC103,NO.1 M/E CONTROL SYSTEM FAILURE,XA,,2,0,6,1803,0,0,3,0,0,0,0,0,0,0,0,259,1,1,0,0,0,0,0,1,0,0,0,0,0,0
632,MC105,NO.1 M/E EMERGENCY STOP BUTTON CABLE FAILURE,XA,,2,0,6,1805,0,0,3,0,0,0,0,0,0,0,0,259,1,1,0,0,0,0,0,1,0,0,0,0,0,0
633,MC106,NO.1 M/E EMERGENCY STOP SOL. VALVE FAILURE,XA,,2,0,6,1806,0,0,3,0,0,0,0,0,0,0,0,259,1,1,0,0,0,0,0,1,0,0,0,0,0,0
635,MC108,NO.1 M/E OIL MIST DETECTOR SYSTEM FAILURE,XA,,2,0,6,1808,0,0,3,0,0,0,0,0,0,0,0,259,1,1,0,0,0,0,0,1,0,0,0,0,0,0
636,MC109,NO.1 M/E OIL MIST DETECTOR SHUTDOWN CABLE FAILURE,XA,,2,0,6,1809,0,0,3,0,0,0,0,0,0,0,0,259,1,1,0,0,0,0,0,1,0,0,0,0,0,0
637,MC110,NO.1 M/E REMOTE SHUTDOWN CABLE FAILURE,XA,,2,0,6,1810,0,0,3,0,0,0,0,0,0,0,0,259,1,1,0,0,0,0,0,1,0,0,0,0,0,0
638,SD01,NO.1 M/E OVERSPEED ENGINE SHD,XA,,2,0,16,1811,0,2405,1,0,0,0,0,0,0,0,0,259,1,1,0,0,0,0,0,1,0,0,0,0,0,0
639,SD02,NO.1 M/E LUB. OIL PRESSURE ENGINE INLET LOW SHD,PAL,,2,0,16,1812,0,2404,1,0,0,0,0,0,0,0,0,259,1,1,0,0,0,0,0,1,0,0,0,0,0,0
640,SD03,NO.1 M/E HT C.W. PRESSURE ENGINE INLET LOW SHD,PAL,,2,0,16,1813,0,2403,1,0,0,0,0,0,0,0,0,259,1,1,0,0,0,0,0,1,0,0,0,0,0,0
641,SD04,NO.1 M/E HT C.W. TEMP. ENGINE OUTLET HIGH SHD,TAH,,2,0,16,1814,0,2402,1,0,0,0,0,0,0,0,0,259,1,1,0,0,0,0,0,1,0,0,0,0,0,0
642,MC112,NO.1 M/E EMERGENCY STOP BUTTON ACTIVE(A.S),XA,,2,0,6,1815,0,0,3,0,0,0,0,0,0,0,0,259,1,1,0,0,0,0,0,1,0,0,0,0,0,0
643,MC113,NO.1 M/E STOP FAILURE(A.S),XA,,2,0,6,1816,0,0,3,0,0,0,0,0,0,0,0,259,1,1,0,0,0,0,0,1,0,0,0,0,0,0
645,MC115,NO.1 M/E REMOTE SHUTDOWN ACTIVE(A.S),XA,,2,0,6,1818,0,0,3,0,0,0,0,0,0,0,0,259,1,1,0,0,0,0,0,1,0,0,0,0,0,0
646,ML31,NO.1 LUB. OIL PRESSURE ENGINE INLET LOW(A.S.O),PAL,,2,0,1,1819,0,0,3,0,0,0,0,0,0,0,0,259,1,1,0,0,0,0,0,1,0,0,0,0,0,0
647,MW32,NO.1 M/E HT CW PRESSURE ENGINE INLET LOW(A.S.O),PAL,,2,0,3,1820,0,0,3,0,0,0,0,0,0,0,0,259,1,1,0,0,0,0,0,1,0,0,0,0,0,0
648,MW33,NO.1 M/E HT C.W. TEMPERATURE ENGINE OUTLET HIGH(A.S.O),TAH,,2,0,3,1821,0,0,3,0,0,0,0,0,0,0,0,259,1,1,0,0,0,0,0,1,0,0,0,0,0,0
649,MC116,NO.1 M/E OIL MIST CONCENTRATION TOO HIGH IN CRANKCASE(A.S.O),XA,,2,0,6,1822,0,0,3,0,0,0,0,0,0,0,0,259,1,1,0,0,0,0,0,1,0,0,0,0,0,0
652,MW34,NO.1 M/E HT C.W. TEMPERATURE AIR COOLER INLET HIGH,TAH,,2,0,3,1825,0,0,3,0,0,0,0,0,0,0,0,259,1,1,0,0,0,0,0,1,0,0,0,0,0,0
653,MW35,NO.1 M/E HT C.W. TEMPERATUR ENGINE INLET HIGH,TAH,,2,0,3,1826,0,0,3,0,0,0,0,0,0,0,0,259,1,1,0,0,0,0,0,1,0,0,0,0,0,0
654,MW36,NO.1 M/E LT C.W. TEMPERATURE AIR COOLER INLET HIGH,TAH,,2,0,3,1827,0,0,3,0,0,0,0,0,0,0,0,259,1,1,0,0,0,0,0,1,0,0,0,0,0,0
655,MC119,NO.1 M/E GEARBOX FILTER ELEMENT 1 - CONTAMINATED,XA,,2,0,6,1229,0,0,3,0,0,0,0,0,0,0,0,259,1,1,0,0,0,0,0,1,0,0,0,0,0,0
656,MC120,NO.1 M/E GEARBOX FILTER ELEMENT 2 - CONTAMINATED,XA,,2,0,6,1230,0,0,3,0,0,0,0,0,0,0,0,259,1,1,0,0,0,0,0,1,0,0,0,0,0,0
657,SD13,NO.1 M/E T/C OVERSPEED SD,XA,,2,0,16,1828,0,0,1,0,0,0,0,0,0,0,0,259,1,1,0,0,0,0,0,1,0,0,0,0,0,0
658,SD14,NO.1 M/E LUB. OIL PRESSURE ENGINE INLET LOW SD,PAL,,2,0,16,1829,0,0,1,0,0,0,0,0,0,0,0,259,1,1,0,0,0,0,0,1,0,0,0,0,0,0
659,SD15,NO.1 M/E LUB. OIL TEMP. ENGINE INLET HIGH SD,TAH,,2,0,16,1830,0,0,1,0,0,0,0,0,0,0,0,259,1,1,0,0,0,0,0,1,0,0,0,0,0,0
660,SD16,NO.1 M/E LUB. OIL PRESSURE TC INLET LOW SD,PAL,,2,0,16,1831,0,0,1,0,0,0,0,0,0,0,0,259,1,1,0,0,0,0,0,1,0,0,0,0,0,0
661,SD17,NO.1 M/E HT C.W. PRESSURE ENGINE INLET LOW SD,PAL,,2,0,16,1832,0,0,1,0,0,0,0,0,0,0,0,259,1,1,0,0,0,0,0,1,0,0,0,0,0,0
662,SD18,NO.1 M/E HT C.W. TEMP. ENGINE OUTLET HIGH SD,TAH,,2,0,16,1833,0,0,1,0,0,0,0,0,0,0,0,259,1,1,0,0,0,0,0,1,0,0,0,0,0,0
663,SD19,NO.1 M/E CHARGE AIR TEMP. ENGINE INLET HIGH SD,TAH,,2,0,16,1834,0,0,1,0,0,0,0,0,0,0,0,259,1,1,0,0,0,0,0,1,0,0,0,0,0,0
664,SD20,NO.1 M/E EXHAUST GAS TEMP. EACH CYLINDER HIGH (COMMON) SD,TAH,,2,0,16,1835,0,0,1,0,0,0,0,0,0,0,0,259,1,1,0,0,0,0,0,1,0,0,0,0,0,0
665,SD21,NO.1 M/E EXHAUST GAS TEMP. MEAN VALUE DEVIATION HIGH (COMMON) SD,TDAH,,2,0,16,1836,0,0,1,0,0,0,0,0,0,0,0,259,1,1,0,0,0,0,0,1,0,0,0,0,0,0
666,SD22,NO.1 M/E LUB. OIL DIFF. PRESSURE AUTO FILTER CONTAMINATION HIGH SD,PAH,,2,0,16,1837,0,0,1,0,0,0,0,0,0,0,0,259,1,1,0,0,0,0,0,1,0,0,0,0,0,0
667,SD23,NO.1 M/E GEARBOX CLUTCH OIL PRESSURE LOW SD,XAL,,2,0,16,1838,0,0,1,0,0,0,0,0,0,0,0,259,1,1,0,0,0,0,0,1,0,0,0,0,0,0
668,MC123,NO.1 M/E COMMON ALARM,XA,,2,0,6,1839,0,0,3,0,0,0,0,0,0,0,0,259,1,1,0,0,0,0,0,1,0,0,0,0,0,0
669,MC124,NO.1 M/E COMMON ALARM PULSE,XA,,2,0,6,1840,0,0,3,0,0,0,0,0,0,0,0,259,1,1,0,0,0,0,0,1,0,0,0,0,0,0
670,MC125,NO.1 M/E COMMON (L.R.R),XA,,2,0,6,1841,0,0,3,0,0,0,0,0,0,0,0,259,1,1,0,0,0,0,0,1,0,0,0,0,0,0
671,MC126,NO.1 M/E COMMON (L.R.R) OVERRIDED (CANCELLED),XA,,2,0,6,1842,0,0,3,0,0,0,0,0,0,0,0,259,1,1,0,0,0,0,0,1,0,0,0,0,0,0
672,MC127,NO.1 M/E COMMON AUTO SHUTDOWN,XA,,2,0,6,1843,0,0,1,0,0,0,0,0,0,0,0,259,1,1,0,0,0,0,0,1,0,0,0,0,0,0
673,MC128,NO.1 M/E COMMON AUTO SHUTDOWN OVERRIDED (CANCELLED),XA,,2,0,6,1844,0,0,1,0,0,0,0,0,0,0,0,259,1,1,0,0,0,0,0,1,0,0,0,0,0,0
674,PP40,NO.1 LIVE-BIT (STATUS CHANGES AT LEAST EVERY 5 SECONDS),XI,,2,0,15,1265,0,0,3,0,0,0,0,0,0,0,0,259,1,1,0,0,0,0,0,1,0,0,0,0,0,0
675,ME55,NO.2 M/E EXH. GAS TEMP. CYLINDER 1 MAX. VALUE EXCEEDED,TA,,2,0,4,2318,205,0,3,0,0,0,0,0,0,0,0,259,1,1,0,0,0,0,0,1,0,0,0,0,0,0
676,ME56,NO.2 M/E EXH. GAS TEMP. CYLINDER 2 MAX. VALUE EXCEEDED,TA,,2,0,4,2319,205,0,3,0,0,0,0,0,0,0,0,259,1,1,0,0,0,0,0,1,0,0,0,0,0,0
677,ME57,NO.2 M/E EXH. GAS TEMP. CYLINDER 3 MAX. VALUE EXCEEDED,TA,,2,0,4,2320,205,0,3,0,0,0,0,0,0,0,0,259,1,1,0,0,0,0,0,1,0,0,0,0,0,0
678,ME58,NO.2 M/E EXH. GAS TEMP. CYLINDER 4 MAX. VALUE EXCEEDED,TA,,2,0,4,2321,205,0,3,0,0,0,0,0,0,0,0,259,1,1,0,0,0,0,0,1,0,0,0,0,0,0
679,ME59,NO.2 M/E EXH. GAS TEMP. CYLINDER 5 MAX. VALUE EXCEEDED,TA,,2,0,4,2322,205,0,3,0,0,0,0,0,0,0,0,259,1,1,0,0,0,0,0,1,0,0,0,0,0,0
680,ME60,NO.2 M/E EXH. GAS TEMP. CYLINDER 6 MAX. VALUE EXCEEDED,TA,,2,0,4,2323,205,0,3,0,0,0,0,0,0,0,0,259,1,1,0,0,0,0,0,1,0,0,0,0,0,0
681,ME61,NO.2 M/E EXH. GAS TEMP. TC INLET MAX. VALUE EXCEEDED,TA,,2,0,4,2324,205,0,3,0,0,0,0,0,0,0,0,259,1,1,0,0,0,0,0,1,0,0,0,0,0,0
682,ME62,NO.2 M/E EXH. GAS TEMP. TC OUTLET MAX. VALUE EXCEEDED,TA,,2,0,4,2325,205,0,3,0,0,0,0,0,0,0,0,259,1,1,0,0,0,0,0,1,0,0,0,0,0,0
683,ME63,NO.2 M/E EXH. GAS TEMP. CYL. 1 DEVIATION ALARM,TDA,,2,0,4,2326,205,0,3,0,0,0,0,0,0,0,0,259,1,1,0,0,0,0,0,1,0,0,0,0,0,0
684,ME64,NO.2 M/E EXH. GAS TEMP. CYL. 2 DEVIATION ALARM,TDA,,2,0,4,2327,205,0,3,0,0,0,0,0,0,0,0,259,1,1,0,0,0,0,0,1,0,0,0,0,0,0
685,ME65,NO.2 M/E EXH. GAS TEMP. CYL. 3 DEVIATION ALARM,TDA,,2,0,4,2328,205,0,3,0,0,0,0,0,0,0,0,259,1,1,0,0,0,0,0,1,0,0,0,0,0,0
686,ME66,NO.2 M/E EXH. GAS TEMP. CYL. 4 DEVIATION ALARM,TDA,,2,0,4,2329,205,0,3,0,0,0,0,0,0,0,0,259,1,1,0,0,0,0,0,1,0,0,0,0,0,0
687,ME67,NO.2 M/E EXH. GAS TEMP. CYL. 5 DEVIATION ALARM,TDA,,2,0,4,2330,205,0,3,0,0,0,0,0,0,0,0,259,1,1,0,0,0,0,0,1,0,0,0,0,0,0
688,ME68,NO.2 M/E EXH. GAS TEMP. CYL. 6 DEVIATION ALARM,TDA,,2,0,4,2331,205,0,3,0,0,0,0,0,0,0,0,259,1,1,0,0,0,0,0,1,0,0,0,0,0,0
689,SD49,NO.2 M/E EXH. GAS TEMP. CYL. 1 MAX. VALUE EXCEEDED SD,TI,,2,0,16,2332,0,0,1,0,0,0,0,0,0,0,0,259,1,1,0,0,0,0,0,1,0,0,0,0,0,0
690,SD50,NO.2 M/E EXH. GAS TEMP. CYL. 2 MAX. VALUE EXCEEDED SD,TI,,2,0,16,2333,0,0,1,0,0,0,0,0,0,0,0,259,1,1,0,0,0,0,0,1,0,0,0,0,0,0
691,SD51,NO.2 M/E EXH. GAS TEMP. CYL. 3 MAX. VALUE EXCEEDED SD,TI,,2,0,16,2334,0,0,1,0,0,0,0,0,0,0,0,259,1,1,0,0,0,0,0,1,0,0,0,0,0,0
692,SD52,NO.2 M/E EXH. GAS TEMP. CYL. 4 MAX. VALUE EXCEEDED SD,TI,,2,0,16,2335,0,0,1,0,0,0,0,0,0,0,0,259,1,1,0,0,0,0,0,1,0,0,0,0,0,0
693,SD53,NO.2 M/E EXH. GAS TEMP. CYL. 5 MAX. VALUE EXCEEDED SD,TI,,2,0,16,2336,0,0,1,0,0,0,0,0,0,0,0,259,1,1,0,0,0,0,0,1,0,0,0,0,0,0
694,SD54,NO.2 M/E EXH. GAS TEMP. CYL. 6 MAX. VALUE EXCEEDED SD,TI,,2,0,16,2337,0,0,1,0,0,0,0,0,0,0,0,259,1,1,0,0,0,0,0,1,0,0,0,0,0,0
695,SD55,NO.2 M/E EXH. GAS TEMP. TC INLET MAX. VALUE EXCEEDED SD,TI,,2,0,16,2338,0,0,1,0,0,0,0,0,0,0,0,259,1,1,0,0,0,0,0,1,0,0,0,0,0,0
696,SD56,NO.2 M/E EXH. GAS TEMP. TC OUTLET MAX. VALUE EXCEEDED SD,TI,,2,0,16,2339,0,0,1,0,0,0,0,0,0,0,0,259,1,1,0,0,0,0,0,1,0,0,0,0,0,0
697,SD57,NO.2 M/E EXH. GAS TEMP. CYL. 1 MEAN VALUE DEVIATION SD,TI,,2,0,16,2340,0,0,1,0,0,0,0,0,0,0,0,259,1,1,0,0,0,0,0,1,0,0,0,0,0,0
698,SD58,NO.2 M/E EXH. GAS TEMP. CYL. 2 MEAN VALUE DEVIATION SD,TI,,2,0,16,2341,0,0,1,0,0,0,0,0,0,0,0,259,1,1,0,0,0,0,0,1,0,0,0,0,0,0
699,SD59,NO.2 M/E EXH. GAS TEMP. CYL. 3 MEAN VALUE DEVIATION SD,TI,,2,0,16,2342,0,0,1,0,0,0,0,0,0,0,0,259,1,1,0,0,0,0,0,1,0,0,0,0,0,0
700,SD60,NO.2 M/E EXH. GAS TEMP. CYL. 4 MEAN VALUE DEVIATION SD,TI,,2,0,16,2343,0,0,1,0,0,0,0,0,0,0,0,259,1,1,0,0,0,0,0,1,0,0,0,0,0,0
701,SD61,NO.2 M/E EXH. GAS TEMP. CYL. 5 MEAN VALUE DEVIATION SD,TI,,2,0,16,2344,0,0,1,0,0,0,0,0,0,0,0,259,1,1,0,0,0,0,0,1,0,0,0,0,0,0
702,SD62,NO.2 M/E EXH. GAS TEMP. CYL. 6 MEAN VALUE DEVIATION SD,TI,,2,0,16,2345,0,0,1,0,0,0,0,0,0,0,0,259,1,1,0,0,0,0,0,1,0,0,0,0,0,0
703,ML16B,NO.2 LUB. OIL PRESSURE ENGINE INLET,PI,BAR,4,0,1,2386,0,0,3,0,10,2.8,0,0,0,0,0,259,1,1,0,0,0,0,0,1,0,0,0,0,0,0
704,MW14B,NO.2 M/E HT C.W. PRESSURE ENGINE INLET,PI,BAR,4,0,3,2387,0,0,3,0,6,1.7,0,0,0,0,0,259,1,1,0,0,0,0,0,1,0,0,0,0,0,0
706,ML18B,NO.2 G/B CLUTCH OIL PRESSURE,PI,BAR,4,0,6,2389,0,0,3,0,40,17,0,0,0,0,0,259,1,1,0,0,0,0,0,1,0,0,0,0,0,0
707,MC130,NO.2 M/E INTERNAL COMMUNICATION ERROR,XA,,2,0,6,2850,0,0,3,0,0,0,0,0,0,0,0,259,1,1,0,0,0,0,0,1,0,0,0,0,0,0
708,MC131,NO.2 M/E SAFETY SYSTEM FAILURE,XA,,2,0,6,2851,0,0,3,0,0,0,0,0,0,0,0,259,1,1,0,0,0,0,0,1,0,0,0,0,0,0
709,MC132,NO.2 M/E SAFETY SYSTEM POWER FAILURE,XA,,2,0,6,2852,0,0,3,0,0,0,0,0,0,0,0,259,1,1,0,0,0,0,0,1,0,0,0,0,0,0
710,MC133,NO.2 M/E CONTROL SYSTEM FAILURE,XA,,2,0,6,2853,0,0,3,0,0,0,0,0,0,0,0,259,1,1,0,0,0,0,0,1,0,0,0,0,0,0
712,MC135,NO.2 M/E EMERGENCY STOP BUTTON CABLE FAILURE,XA,,2,0,6,2855,0,0,3,0,0,0,0,0,0,0,0,259,1,1,0,0,0,0,0,1,0,0,0,0,0,0
713,MC136,NO.2 M/E EMERGENCY STOP SOL. VALVE FAILURE,XA,,2,0,6,2856,0,0,3,0,0,0,0,0,0,0,0,259,1,1,0,0,0,0,0,1,0,0,0,0,0,0
715,MC138,NO.2 M/E OIL MIST DETECTOR SYSTEM FAILURE,XA,,2,0,6,2858,0,0,3,0,0,0,0,0,0,0,0,259,1,1,0,0,0,0,0,1,0,0,0,0,0,0
716,MC139,NO.2 M/E OIL MIST DETECTOR SHUTDOWN CABLE FAILURE,XA,,2,0,6,2859,0,0,3,0,0,0,0,0,0,0,0,259,1,1,0,0,0,0,0,1,0,0,0,0,0,0
717,MC140,NO.2 M/E REMOTE SHUTDOWN CABLE FAILURE,XA,,2,0,6,2860,0,0,3,0,0,0,0,0,0,0,0,259,1,1,0,0,0,0,0,1,0,0,0,0,0,0
718,SD07,NO.2 M/E OVERSPEED ENGINE SHD,XA,,2,0,16,2861,0,2412,1,0,0,0,0,0,0,0,0,259,1,1,0,0,0,0,0,1,0,0,0,0,0,0
719,SD08,NO.2 M/E LUB. OIL PRESSURE ENGINE INLET LOW SHD,PAL,,2,0,16,2862,0,2411,1,0,0,0,0,0,0,0,0,259,1,1,0,0,0,0,0,1,0,0,0,0,0,0
720,SD09,NO.2 M/E HT C.W. PRESSURE ENGINE INLET LOW SHD,PAL,,2,0,16,2863,0,2410,1,0,0,0,0,0,0,0,0,259,1,1,0,0,0,0,0,1,0,0,0,0,0,0
721,SD10,NO.2 M/E HT C.W. TEMP. ENGINE OUTLET HIGH SHD,TAH,,2,0,16,2864,0,2409,1,0,0,0,0,0,0,0,0,259,1,1,0,0,0,0,0,1,0,0,0,0,0,0
722,MC142,NO.2 M/E EMERGENCY STOP BUTTON ACTIVE,XA,,2,0,6,2865,0,0,3,0,0,0,0,0,0,0,0,259,1,1,0,0,0,0,0,1,0,0,0,0,0,0
723,MC143,NO.2 M/E STOP FAILURE,XA,,2,0,6,2866,0,0,3,0,0,0,0,0,0,0,0,259,1,1,0,0,0,0,0,1,0,0,0,0,0,0
725,MC145,NO.2 M/E REMOTE SHUTDOWN ACTIVE,XA,,2,0,6,2868,0,0,1,0,0,0,0,0,0,0,0,259,1,1,0,0,0,0,0,1,0,0,0,0,0,0
726,ML38,NO.2 M/E L.O. PRESSURE ENGINE INLET LOW,PAL,,2,0,1,2869,0,0,3,0,0,0,0,0,0,0,0,259,1,1,0,0,0,0,0,1,0,0,0,0,0,0
727,MW42,NO.2 M/E HT CW PRESSURE ENGINE INLET LOW,PAL,,2,0,3,2870,0,0,3,0,0,0,0,0,0,0,0,259,1,1,0,0,0,0,0,1,0,0,0,0,0,0
728,MW43,NO.2 M/E HT C.W. TEMPERATURE ENGINE OUTLET HIGH,TAH,,2,0,3,2871,0,0,3,0,0,0,0,0,0,0,0,259,1,1,0,0,0,0,0,1,0,0,0,0,0,0
729,MC146,NO.2 M/E OIL MIST CONCENTRATION TOO HIGH IN CRANKCASE,XA,,2,0,6,2872,0,0,3,0,0,0,0,0,0,0,0,259,1,1,0,0,0,0,0,1,0,0,0,0,0,0
732,MW44,NO.2 M/E HT C.W. TEMPERATURE AIR COOLER INLET HIGH,TAH,,2,0,3,2875,0,0,3,0,0,0,0,0,0,0,0,259,1,1,0,0,0,0,0,1,0,0,0,0,0,0
733,MW45,NO.2 M/E HT C.W. TEMPERATUR ENGINE INLET HIGH,TAH,,2,0,3,2876,0,0,3,0,0,0,0,0,0,0,0,259,1,1,0,0,0,0,0,1,0,0,0,0,0,0
734,MW46,NO.2 M/E LT C.W. TEMPERATURE AIR COOLER INLET HIGH,TAH,,2,0,3,2877,0,0,3,0,0,0,0,0,0,0,0,259,1,1,0,0,0,0,0,1,0,0,0,0,0,0
735,MC149,NO.2 M/E GEARBOX FILTER ELEMENT 1 - CONTAMINATED,XA,,2,0,6,2429,0,0,3,0,0,0,0,0,0,0,0,259,1,1,0,0,0,0,0,1,0,0,0,0,0,0
736,MC150,NO.2 M/E GEARBOX FILTER ELEMENT 2 - CONTAMINATED,XA,,2,0,6,2430,0,0,3,0,0,0,0,0,0,0,0,259,1,1,0,0,0,0,0,1,0,0,0,0,0,0
737,SD24,NO.2 M/E T/C OVERSPEED SD,XA,,2,0,16,2878,0,0,1,0,0,0,0,0,0,0,0,259,1,1,0,0,0,0,0,1,0,0,0,0,0,0
738,SD25,NO.2 M/E LUB. OIL PRESSURE ENGINE INLET LOW SD,PAL,,2,0,16,2879,0,0,1,0,0,0,0,0,0,0,0,259,1,1,0,0,0,0,0,1,0,0,0,0,0,0
739,SD26,NO.2 M/E LUB. OIL TEMP. ENGINE INLET HIGH SD,TAH,,2,0,16,2880,0,0,1,0,0,0,0,0,0,0,0,259,1,1,0,0,0,0,0,1,0,0,0,0,0,0
740,SD27,NO.2 M/E LUB. OIL PRESSURE TC INLET LOW SD,PAL,,2,0,16,2881,0,0,1,0,0,0,0,0,0,0,0,259,1,1,0,0,0,0,0,1,0,0,0,0,0,0
741,SD28,NO.2 M/E HT C.W. PRESSURE ENGINE INLET LOW SD,PAL,,2,0,16,2882,0,0,1,0,0,0,0,0,0,0,0,259,1,1,0,0,0,0,0,1,0,0,0,0,0,0
742,SD29,NO.2 M/E HT C.W. TEMP. ENGINE OUTLET HIGH SD,TAH,,2,0,16,2883,0,0,1,0,0,0,0,0,0,0,0,259,1,1,0,0,0,0,0,1,0,0,0,0,0,0
743,SD30,NO.2 M/E CHARGE AIR TEMP. ENGINE INLET HIGH SD,TAH,,2,0,16,2884,0,0,1,0,0,0,0,0,0,0,0,259,1,1,0,0,0,0,0,1,0,0,0,0,0,0
744,SD31,NO.2 M/E EXHAUST GAS TEMP. EACH CYLINDER HIGH (COMMON) SD,TAH,,2,0,16,2885,0,0,1,0,0,0,0,0,0,0,0,259,1,1,0,0,0,0,0,1,0,0,0,0,0,0
745,SD32,NO.2 M/E EXHAUST GAS TEMP. MEAN VALUE DEVIATION HIGH (COMMON) SD,TDAH,,2,0,16,2886,0,0,1,0,0,0,0,0,0,0,0,259,1,1,0,0,0,0,0,1,0,0,0,0,0,0
746,SD33,NO.2 M/E LUB. OIL DIFF. PRESSURE AUTO FILTER CONTAMINATION HIGH SD,PAH,,2,0,16,2887,0,0,1,0,0,0,0,0,0,0,0,259,1,1,0,0,0,0,0,1,0,0,0,0,0,0
747,SD34,NO.2 M/E GEARBOX CLUTCH OIL PRESSURE LOW SD,XAL,,2,0,16,2888,0,0,1,0,0,0,0,0,0,0,0,259,1,1,0,0,0,0,0,1,0,0,0,0,0,0
748,MC153,NO.2 M/E COMMON ALARM,XA,,2,0,6,2889,0,0,3,0,0,0,0,0,0,0,0,259,1,1,0,0,0,0,0,1,0,0,0,0,0,0
749,MC154,NO.2 M/E COMMON ALARM PULSE,XA,,2,0,6,2890,0,0,3,0,0,0,0,0,0,0,0,259,1,1,0,0,0,0,0,1,0,0,0,0,0,0
750,MC155,NO.2 M/E COMMON (L.R.R),XA,,2,0,6,2891,0,0,1,0,0,0,0,0,0,0,0,259,1,1,0,0,0,0,0,1,0,0,0,0,0,0
751,MC156,NO.2 M/E COMMON (L.R.R) OVERRIDED (CANCELLED),XA,,2,0,6,2892,0,0,1,0,0,0,0,0,0,0,0,259,1,1,0,0,0,0,0,1,0,0,0,0,0,0
752,MC157,NO.2 M/E COMMON AUTO SHUTDOWN,XA,,2,0,6,2893,0,0,1,0,0,0,0,0,0,0,0,259,1,1,0,0,0,0,0,1,0,0,0,0,0,0
753,MC158,NO.2 M/E COMMON AUTO SHUTDOWN OVERRIDED (CANCELLED),XA,,2,0,6,2894,0,0,1,0,0,0,0,0,0,0,0,259,1,1,0,0,0,0,0,1,0,0,0,0,0,0
754,PP50,NO.2 LIVE-BIT (STATUS CHANGES AT LEAST EVERY 5 SECONDS),XI,,2,0,15,2461,0,0,5,0,0,0,0,0,0,0,0,259,1,1,0,0,0,0,0,1,0,0,0,0,0,0
755,ML43,NO.1 G/B L.O PRESS(A465),PI,BAR,3,26,1,370,0,0,2,0,4,0,0,0,0,0,0,259,1,1,0,0,0,0,0,1,0,0,0,0,0,0
756,ML44,NO.2 G/B L.O PRESS(A465),PI,BAR,3,26,1,371,0,0,2,0,4,0,0,0,0,0,0,259,1,1,0,0,0,0,0,1,0,0,0,0,0,0
757,ML45,NO.1 G/B L.O PRESS TOO LOW,TLA,,1,0,1,1907,0,0,2,0,0,0,0,0,0,0,0,259,1,1,0,0,0,0,0,1,0,0,0,0,0,0
758,ML46,NO.2 G/B L.O PRESS TOO LOW,TLA,,1,0,1,1908,0,0,2,0,0,0,0,0,0,0,0,259,1,1,0,0,0,0,0,1,0,0,0,0,0,0
759,SD06,NO.1 M/E G/B L.O PRESSURE LOW SHD,XA,,2,0,16,1845,0,2406,1,0,0,0,0,0,0,0,0,259,1,1,0,0,0,0,0,1,0,0,0,0,0,0
760,SD12,NO.2 M/E G/B L.O PRESSURE LOW SHD,XA,,2,0,16,2895,0,2413,1,0,0,0,0,0,0,0,0,259,1,1,0,0,0,0,0,1,0,0,0,0,0,0
763,MC18,NO.1 M/E TELEGRAPH POWER FAILURE,XA,,1,0,1,406,0,0,2,0,0,0,0,0,0,0,0,259,1,1,0,0,0,0,0,1,0,0,0,0,0,0
768,MC19,NO.2 M/E TELEGRAPH POWER FAILURE,XA,,1,0,1,411,0,0,2,0,0,0,0,0,0,0,0,259,1,1,0,0,0,0,0,1,0,0,0,0,0,0
